Workbook

Sheet Summary1
A1: DANH SÁCH CHỨNG NHẬN VẬN HÀNH | CN1: Số (Form Code): ADL/F/EHS/022-04
CN2: Lần hiệu chỉnh (Revision No.): 00
CN3: Lần ban hành (Issuance No.): 01
CN4: Ngày hiệu lực (Effective date): 01/04/2025
A6: STT | B6: MSNV | C6: TÊN | D6: BỘ PHẬN | E6: NGÀY ĐÁNH GIÁ | F6: HẠNG MỤC ĐƯỢC ĐÀO TẠO
F7: Materials + Paint Blending | P7: G_Cutting | W7: G_Rolling | AH7: G_Finishing | AO7: G_Dipping | AX7: G_Graphics | BE7: A_Blank | BR7: A_Graphics | BU7: Kayak | CH7: A_QC | CM7: G_QC Blank | CR7: G_QC Cosmetics | CW7: MTN | DA7: Note
F8: Xe nâng/Nâng tay | G8: Sử dụng vật sắc nhọn | H8: Xe nâng phuy | I8: Máy tái chế Acetone | J8: Máy lắc sơn/ đo độ nhớt | K8: Máy lọc sơn | L8: Lò Oven Nhỏ | M8: Vận chuyển, lưu trữ HC | N8: Mở cửa kho đông | O8: Thang nâng | P8: Sheet | Q8: Xe nâng prepreg | R8: Shear | S8: Die Cut | T8: Splicing | U8: Máy ép Hashima | V8: Máy hút chân không | W8: Bàn nhiệt | X8: Máy CDI | Y8: Máy Revo | Z8: Máy Auto rolling | AA8: Máy Cello Đứng | AB8: Máy Cello Ngang | AC8: Lò Oven | AD8: Máy Rút Dây Cello | AE8: Máy Rút Mandrell | AF8: Máy Rửa Mandrell | AG8: Máy Đo/Uốn Thẳng Mandrell | AH8: Máy Dual Saw | AI8: Wash | AJ8: Máy Mài - Đánh Bóng Máy Buff | AK8: Máy Paragon | AL8: Máy Khắc Laser | AM8: Máy Auto Sanding | AN8: Máy Cắt Dấu Flex | AO8: Máy Bắn Cát | AP8: Máy Scrap Shaft | AQ8: Máy Lắc Sơn | AR8: Máy / Kệ Khuấy Sơn | AS8: Máy rửa mắt/ Vòi tắm rửa khẩn cấp | AT8: Máy Phun Sơn Tự Động | AU8: Máy Tip-Blast | AV8: Máy Đánh Bóng | AW8: Máy Auto Dipping | AX8: Máy Decal | AY8: Máy In Lụa - Băng Tải Nhiệt | AZ8: Máy Chụp Khung Lụa | BA8: Máy Bơm, Rửa Khung lụa | BB8: Thước Đo Laser | BC8: Máy Khắc Laser | BD8: Tủ Sấy Khung Lụa | BE8: Máy CDI | BF8: Máy Revo | BG8: Máy Cello Ngang | BH8: Máy Rút Dây Cello | BI8: Máy Rút Mandrel | BJ8: Máy Đo/Uốn Thẳng Mandrel | BK8: Máy Paragon | BL8: Máy Mài - Đánh Bóng | BM8: Máy Khắc Laser | BN8: Máy Cắt (Apple) | BO8: Máy Đo/Xác Định Điểm Cong | BP8: Máy Laser | BQ8: Sử Dụng Tool Arrow | BR8: Máy Cắt | BS8: Máy Mài | BT8: Máy Decal | BU8: Máy Ép Hashima | BV8: Máy Sheet | BW8: Máy Die Cut | BX8: Máy Mài - Đánh Bóng | BY8: Máy CDI | BZ8: Máy Cello Ngang | CA8: Lò Oven | CB8: Máy Rút Madrel | CC8: Máy Cắt Đầu KAYAK | CD8: Máy Cắt KAYAK | CE8: Máy Rút Dây Cello | CF8: Máy Phun Sơn | CG8: Máy Paragon | CH8: Máy Spine/Spine Finder | CI8: Máy Proof Load/Zone | CJ8: Cân Weight | CK8: Máy Đo OD | CL8: Máy Soi Đầu TIP-Apple | CM8: Bảng/Máy Đo Ortho Flex | CN8: Máy Frequency | CO8: Máy Bending Test | CP8: Máy Torque 1/2 | CQ8: Máy Auto Inspection Golf Shaft | CR8: Máy Đo Độ Bền Sơn | CS8: Máy Rubtest | CT8: Falling Sand | CU8: Máy Straightness 1/2 | CV8: Máy Đo Mandrell | CW8: Máy Khoan Bàn / Phay | CX8: Máy Mài Dao | CY8: Máy Tiện, Khoan | CZ8: NOTE
A9: 1 | B9: 4205 | C9: Hà Minh Tiến | D9: Materials | E9: 45659 | F9: ü | N9: ü | O9: ü | CZ9: =IF(COUNTIF(F9:CY9,"ü")<=0,0,1) -> 1 | DA9: Ok
A10: 2 | B10: 4249 | C10: Từ Văn Đua | D10: Material Golf | E10: 45770 | F10: ü | O10: ü | CZ10: =IF(COUNTIF(F10:CY10,"ü")<=0,0,1) -> 1 | DA10: Ok
A11: 3 | B11: 4094 | C11: Nguyễn Minh Vương | D11: Arrow Graphics | E11: 45807 | AC11: ü | AY11: ü | BR11: ü | BS11: ü | BT11: ü | CZ11: =IF(COUNTIF(F11:CY11,"ü")<=0,0,1) -> 1 | DA11: Ok
A12: 4 | B12: 4106 | C12: Nguyễn Hoàng Cầm | D12: MFG Apple | E12: 45442 | G12: ü | W12: ü | BE12: ü | BF12: ü | BG12: ü | BQ12: ü | CZ12: =IF(COUNTIF(F12:CY12,"ü")<=0,0,1) -> 1 | DA12: Ok
A13: 5 | B13: 4257 | C13: Nguyễn Văn Lợi | D13: MFG Apple | E13: 45807 | G13: ü | AH13: ü | BH13: ü | BI13: ü | BJ13: ü | BK13: ü | CZ13: =IF(COUNTIF(F13:CY13,"ü")<=0,0,1) -> 1 | DA13: Ok
A14: 6 | B14: 5226 | C14: Nguyễn Văn Đạt | D14: QC Apple | E14: 45442 | CH14: ü | CI14: ü | CJ14: ü | CK14: ü | CZ14: =IF(COUNTIF(F14:CY14,"ü")<=0,0,1) -> 1 | DA14: Ok
A15: 7 | B15: 3203 | C15: Đặng Văn Toàn | D15: Paint Blending | E15: 45770 | G15: ü | J15: ü | K15: ü | L15: ü | CZ15: =IF(COUNTIF(F15:CY15,"ü")<=0,0,1) -> 1 | DA15: Ok
A16: 8 | B16: 5135 | C16: Nguyễn Đặng Thiên Tứ | D16: Paint Blending | E16: 45896 | G16: ü | J16: ü | K16: ü | L16: ü | AO16: ü | AR16: ü | AS16: ü | CZ16: =IF(COUNTIF(F16:CY16,"ü")<=0,0,1) -> 1 | DA16: Ok
A17: 9 | B17: 1150 | C17: Phan Minh Khang | D17: Arrow QC Blank | E17: 45807 | CH17: ü | CI17: ü | CJ17: ü | CK17: ü | CL17: ü | CZ17: =IF(COUNTIF(F17:CY17,"ü")<=0,0,1) -> 1 | DA17: Ok
A18: 10 | B18: 4800 | C18: Trần Văn Hoài | D18: Arrow QC Blank | E18: 45807 | CH18: ü | CI18: ü | CJ18: ü | CK18: ü | CZ18: =IF(COUNTIF(F18:CY18,"ü")<=0,0,1) -> 1 | DA18: Ok
A19: 11 | B19: 4973 | C19: Lê Thị Tâm | D19: Arrow QC Blank | E19: 45442 | CH19: ü | CI19: ü | CJ19: ü | CK19: ü | CZ19: =IF(COUNTIF(F19:CY19,"ü")<=0,0,1) -> 1 | DA19: Ok
A20: 12 | B20: 5261 | C20: Nguyễn Ngọc Như Ý | D20: Arrow QC Blank | E20: 45717 | CH20: ü | CI20: ü | CJ20: ü | CK20: ü | CL20: ü | CZ20: =IF(COUNTIF(F20:CY20,"ü")<=0,0,1) -> 1 | DA20: Ok
A21: 13 | B21: 5154 | C21: Huỳnh Thị Khả Vi | D21: Arrow QC Blank | E21: 45442 | CH21: ü | CI21: ü | CJ21: ü | CK21: ü | CZ21: =IF(COUNTIF(F21:CY21,"ü")<=0,0,1) -> 1 | DA21: Ok
A22: 14 | B22: 5059 | C22: Nguyễn Văn Chất | D22: Arrow QC Blank | E22: 45442 | CH22: ü | CI22: ü | CJ22: ü | CK22: ü | CL22: ü | CZ22: =IF(COUNTIF(F22:CY22,"ü")<=0,0,1) -> 1 | DA22: Ok
A23: 15 | B23: 0405 | C23: Đặng Hữu Thế | D23: Golf QC Blank | E23: 45669 | G23: ü | AN23: ü | CJ23: ü | CK23: ü | CM23: ü | CN23: ü | CO23: ü | CP23: ü | CQ23: ü | CU23: ü | CZ23: =IF(COUNTIF(F23:CY23,"ü")<=0,0,1) -> 1 | DA23: Ok
A24: 16 | B24: 4409 | C24: Nguyễn Thị Quỳnh Mai | D24: Golf QC Blank | E24: 45669 | G24: ü | AN24: ü | CJ24: ü | CK24: ü | CM24: ü | CN24: ü | CO24: ü | CP24: ü | CQ24: ü | CU24: ü | CZ24: =IF(COUNTIF(F24:CY24,"ü")<=0,0,1) -> 1 | DA24: Ok
A25: 17 | B25: 5150 | C25: Lê Trung Tính | D25: Golf QC Decorated | E25: 45386 | AN25: ü | CJ25: ü | CK25: ü | CM25: ü | CN25: ü | CP25: ü | CU25: ü | CZ25: =IF(COUNTIF(F25:CY25,"ü")<=0,0,1) -> 1 | DA25: Ok
A26: 18 | B26: 4347 | C26: Lê Công Thành | D26: Golf QC Blank | E26: 45659 | AN26: ü | CJ26: ü | CK26: ü | CM26: ü | CN26: ü | CP26: ü | CU26: ü | CZ26: =IF(COUNTIF(F26:CY26,"ü")<=0,0,1) -> 1 | DA26: Ok
A27: 19 | B27: 4795 | C27: Phan Hải Âu | D27: Golf QC Blank | E27: 45403 | CJ27: ü | CK27: ü | CM27: ü | CN27: ü | CU27: ü | CZ27: =IF(COUNTIF(F27:CY27,"ü")<=0,0,1) -> 1 | DA27: Ok
A28: 20 | B28: 4510 | C28: Lữ Minh Tiến | D28: Golf QC Blank | E28: 45666 | G28: ü | AN28: ü | CJ28: ü | CK28: ü | CM28: ü | CN28: ü | CO28: ü | CP28: ü | CQ28: ü | CU28: ü | CZ28: =IF(COUNTIF(F28:CY28,"ü")<=0,0,1) -> 1 | DA28: Ok
A29: 21 | B29: 4601 | C29: Lê Bá Đạt | D29: Golf QC Blank | E29: 45659 | G29: ü | BB29: ü | CJ29: ü | CK29: ü | CN29: ü | CU29: ü | CZ29: =IF(COUNTIF(F29:CY29,"ü")<=0,0,1) -> 1 | DA29: Ok
A30: 22 | B30: 5151 | C30: Trần Kiều Trân | D30: Golf QC Blank | E30: 45403 | AN30: ü | CJ30: ü | CK30: ü | CO30: ü | CQ30: ü | CU30: ü | CZ30: =IF(COUNTIF(F30:CY30,"ü")<=0,0,1) -> 1 | DA30: Ok
A31: 23 | B31: 39097 | C31: Nguyễn Văn Nhúm | D31: Golf QC Blank | E31: 45403 | AN31: ü | CJ31: ü | CK31: ü | CM31: ü | CN31: ü | CQ31: ü | CU31: ü | CZ31: =IF(COUNTIF(F31:CY31,"ü")<=0,0,1) -> 1 | DA31: Ok
A32: 24 | B32: 4715 | C32: Lê Văn Kiệt | D32: Golf QC Blank | E32: 45403 | AN32: ü | CJ32: ü | CK32: ü | CM32: ü | CN32: ü | CO32: ü | CP32: ü | CQ32: ü | CU32: ü | CZ32: =IF(COUNTIF(F32:CY32,"ü")<=0,0,1) -> 1 | DA32: Ok
A33: 25 | B33: 4882 | C33: Dương Thành Vũ | D33: Golf QC Blank | E33: 45669 | G33: ü | AN33: ü | CJ33: ü | CK33: ü | CM33: ü | CN33: ü | CO33: ü | CP33: ü | CQ33: ü | CU33: ü | CZ33: =IF(COUNTIF(F33:CY33,"ü")<=0,0,1) -> 1 | DA33: Ok
A34: 26 | B34: 4986 | C34: Nguyễn Chương Đức | D34: Golf QC Blank RW | E34: 45722 | G34: ü | BB34: ü | CJ34: ü | CK34: ü | CN34: ü | CR34: ü | CS34: ü | CT34: ü | CU34: ü | CZ34: =IF(COUNTIF(F34:CY34,"ü")<=0,0,1) -> 1 | DA34: Ok
A35: 27 | B35: 3566 | C35: Đỗ Thành Tài | D35: Golf QC Decorated | E35: 45403 | G35: ü | BB35: ü | CJ35: ü | CK35: ü | CN35: ü | CR35: ü | CS35: ü | CT35: ü | CU35: ü | CZ35: =IF(COUNTIF(F35:CY35,"ü")<=0,0,1) -> 1 | DA35: Ok
A36: 28 | B36: 4297 | C36: Lê Thị Hương | D36: Golf QC Decorated | E36: 45403 | G36: ü | CJ36: ü | CK36: ü | CN36: ü | CR36: ü | CS36: ü | CT36: ü | CU36: ü | CZ36: =IF(COUNTIF(F36:CY36,"ü")<=0,0,1) -> 1 | DA36: Ok
A37: 29 | B37: 4802 | C37: Lê Tấn Gạo | D37: Golf QC Decorated | E37: 45669 | G37: ü | BB37: ü | CJ37: ü | CK37: ü | CN37: ü | CS37: ü | CT37: ü | CU37: ü | CZ37: =IF(COUNTIF(F37:CY37,"ü")<=0,0,1) -> 1 | DA37: Ok
A38: 30 | B38: 4855 | C38: Dương Hoàng Vủ | D38: Golf QC Decorated | E38: 45659 | AN38: ü | CJ38: ü | CK38: ü | CM38: ü | CN38: ü | CO38: ü | CP38: ü | CQ38: ü | CU38: ü | CZ38: =IF(COUNTIF(F38:CY38,"ü")<=0,0,1) -> 1 | DA38: Ok
A39: 31 | B39: 5306 | C39: Nguyễn Quốc Kiệt | D39: Golf QC Blank | E39: 45386 | AN39: ü | CJ39: ü | CK39: ü | CM39: ü | CN39: ü | CP39: ü | CQ39: ü | CU39: ü | CZ39: =IF(COUNTIF(F39:CY39,"ü")<=0,0,1) -> 1 | DA39: Ok
A40: 32 | B40: 5026 | C40: Tô Văn Đức | D40: Golf QC Decorated | E40: 45659 | AN40: ü | CJ40: ü | CK40: ü | CM40: ü | CN40: ü | CO40: ü | CP40: ü | CQ40: ü | CU40: ü | CZ40: =IF(COUNTIF(F40:CY40,"ü")<=0,0,1) -> 1 | DA40: Ok
A41: 33 | B41: 4505 | C41: Nguyễn Văn Thắng | D41: Golf QC Decorated | E41: 45659 | AN41: ü | CJ41: ü | CK41: ü | CM41: ü | CN41: ü | CP41: ü | CQ41: ü | CU41: ü | CZ41: =IF(COUNTIF(F41:CY41,"ü")<=0,0,1) -> 1 | DA41: Ok
A42: 34 | B42: 5228 | C42: Lê Thúy Loan | D42: Golf QC Decorated | E42: 45663 | G42: ü | BB42: ü | CJ42: ü | CK42: ü | CU42: ü | CZ42: =IF(COUNTIF(F42:CY42,"ü")<=0,0,1) -> 1 | DA42: Ok
A43: 35 | B43: 39096 | C43: Nguyễn Văn Sang | D43: Golf QC Decorated | E43: 45659 | AN43: ü | CJ43: ü | CK43: ü | CM43: ü | CN43: ü | CP43: ü | CQ43: ü | CU43: ü | CZ43: =IF(COUNTIF(F43:CY43,"ü")<=0,0,1) -> 1 | DA43: stop
A44: 36 | B44: 5152 | C44: Quách Văn Tùng | D44: Golf QC Decorated | E44: 45722 | G44: ü | BB44: ü | CJ44: ü | CK44: ü | CN44: ü | CR44: ü | CS44: ü | CT44: ü | CU44: ü | CZ44: =IF(COUNTIF(F44:CY44,"ü")<=0,0,1) -> 1 | DA44: Ok
A45: 37 | B45: 5186 | C45: Lưu Anh Khoa | D45: Golf QC Decorated | E45: 45403 | G45: ü | CJ45: ü | CK45: ü | CN45: ü | CZ45: =IF(COUNTIF(F45:CY45,"ü")<=0,0,1) -> 1 | DA45: Ok
A46: 38 | B46: 4787 | C46: Lê Tuấn Lộc | D46: Golf QC Decorated | E46: 45669 | G46: ü
A47: 39 | B47: 39482 | C47: Ngô Thanh Xuân | D47: Golf QC Decorated | E47: 45717 | CJ47: ü | CZ47: =IF(COUNTIF(F47:CY47,"ü")<=0,0,1) -> 1 | DA47: Ok
A48: 40 | B48: 4450 | C48: Nguyễn Văn Phúc | D48: Golf QC Decorated | E48: 45403 | CJ48: ü | CK48: ü | CN48: ü | CZ48: =IF(COUNTIF(F48:CY48,"ü")<=0,0,1) -> 1 | DA48: Ok
A49: 41 | B49: 4599 | C49: Nguyễn Thị Lan Anh | D49: Golf QC Decorated | E49: 45722 | G49: ü | BB49: ü | CJ49: ü | CK49: ü | CN49: ü | CR49: ü | CS49: ü | CT49: ü | CU49: ü | CZ49: =IF(COUNTIF(F49:CY49,"ü")<=0,0,1) -> 1 | DA49: Ok
A50: 42 | B50: 4600 | C50: Trần Thị Hồng | D50: Golf QC Decorated | E50: 45722 | G50: ü | AN50: ü | CJ50: ü | CK50: ü | CO50: ü | CQ50: ü | CU50: ü | CZ50: =IF(COUNTIF(F50:CY50,"ü")<=0,0,1) -> 1 | DA50: Ok
A51: 43 | B51: 4710 | C51: Nguyễn Cao Cường | D51: Golf QC Decorated | E51: 45722 | G51: ü | BB51: ü | CJ51: ü | CK51: ü | CN51: ü | CU51: ü | CZ51: =IF(COUNTIF(F51:CY51,"ü")<=0,0,1) -> 1 | DA51: Ok
A52: 44 | B52: 4796 | C52: Ngô Thị Gấm | D52: Golf QC Decorated | E52: 45663 | BB52: ü | CJ52: ü | CK52: ü | CU52: ü | CZ52: =IF(COUNTIF(F52:CY52,"ü")<=0,0,1) -> 1 | DA52: Ok
A53: 45 | B53: 4856 | C53: Nguyễn Thị Huyền | D53: Golf QC Decorated | E53: 45659 | AN53: ü | CJ53: ü | CK53: ü | CZ53: =IF(COUNTIF(F53:CY53,"ü")<=0,0,1) -> 1 | DA53: Ok
A54: 46 | B54: 5023 | C54: Nguyễn Thị Bích Duyên | D54: Golf QC Decorated | E54: 45403 | G54: ü | BB54: ü | CK54: ü | CR54: ü | CS54: ü | CT54: ü | CU54: ü | CZ54: =IF(COUNTIF(F54:CY54,"ü")<=0,0,1) -> 1 | DA54: Ok
A55: 47 | B55: 3823 | C55: Lữ Văn Thiệt Em | D55: Material Golf | E55: 45659 | H55: ü | I55: ü | M55: ü | CZ55: =IF(COUNTIF(F55:CY55,"ü")<=0,0,1) -> 1 | DA55: Ok
A56: 48 | B56: 4724 | C56: Lê Hoàng Tấn | D56: Material Golf | E56: 45659 | H56: ü | I56: ü | M56: ü | CZ56: =IF(COUNTIF(F56:CY56,"ü")<=0,0,1) -> 1 | DA56: Ok
A57: 49 | B57: 4723 | C57: Lê Trọng Nghĩa | D57: Material Golf | E57: 45659 | O57: ü | CZ57: =IF(COUNTIF(F57:CY57,"ü")<=0,0,1) -> 1 | DA57: Ok
A58: 50 | B58: 5104 | C58: Lê Văn Mến | D58: Material Golf | E58: 45386 | N58: ü | CZ58: =IF(COUNTIF(F58:CY58,"ü")<=0,0,1) -> 1 | DA58: Ok
A59: 51 | B59: 2526 | C59: Đoàn Văn Sơn | D59: Arrow Finishing | E59: 45442 | G59: ü | W59: ü | AC59: ü | BE59: ü | BF59: ü | BG59: ü | BQ59: ü | CZ59: =IF(COUNTIF(F59:CY59,"ü")<=0,0,1) -> 1 | DA59: Ok
A60: 52 | B60: 4745 | C60: Huỳnh Khánh Toàn | D60: Arrow Finishing | E60: 45442 | G60: ü | AC60: ü | CZ60: =IF(COUNTIF(F60:CY60,"ü")<=0,0,1) -> 1 | DA60: Ok
A61: 53 | B61: 4265 | C61: Đỗ Văn Linh | D61: Arrow Finishing | E61: 45870 | G61: ü | AH61: ü | BI61: ü | BJ61: ü | BK61: ü | BM61: ü | CZ61: =IF(COUNTIF(F61:CY61,"ü")<=0,0,1) -> 1 | DA61: Ok
A62: 54 | B62: 5005 | C62: Thị Ngọc Duyên | D62: Arrow Rolling | E62: 45442 | G62: ü | W62: ü | BF62: ü | CZ62: =IF(COUNTIF(F62:CY62,"ü")<=0,0,1) -> 1 | DA62: OK
A63: 55 | B63: 2763 | C63: Huỳnh Thanh Tùng | D63: Arrow Rolling | E63: 45442 | G63: ü | W63: ü | BG63: ü | CZ63: =IF(COUNTIF(F63:CY63,"ü")<=0,0,1) -> 1 | DA63: OK
A64: 56 | B64: 4304 | C64: Nguyễn Văn Xuyên | D64: Arrow Rolling | E64: 45442 | G64: ü | W64: ü | BF64: ü | BG64: ü | CZ64: =IF(COUNTIF(F64:CY64,"ü")<=0,0,1) -> 1 | DA64: Ok
A65: 57 | B65: 4962 | C65: Nguyễn Văn Đạt | D65: Arrow Rolling | E65: 45442 | G65: ü | W65: ü | AC65: ü | BE65: ü | BF65: ü | BG65: ü | BQ65: ü | CZ65: =IF(COUNTIF(F65:CY65,"ü")<=0,0,1) -> 1 | DA65: Ok
A66: 58 | B66: 0398 | C66: Nguyễn Trung Hiếu | D66: Arrow Rolling | E66: 45442 | G66: ü | W66: ü | X66: ü | AC66: ü | AH66: ü | BF66: ü | BG66: ü | BH66: ü | BI66: ü | BJ66: ü | BK66: ü | BQ66: ü | CZ66: =IF(COUNTIF(F66:CY66,"ü")<=0,0,1) -> 1 | DA66: Ok
A67: 59 | B67: 1336 | C67: Nguyễn Thanh Sơn | D67: Arrow Rolling | E67: 45442 | G67: ü | AH67: ü | BI67: ü | CZ67: =IF(COUNTIF(F67:CY67,"ü")<=0,0,1) -> 1 | DA67: Ok
A68: 60 | B68: 4751 | C68: Trần Văn Toàn Giác | D68: Arrow Rolling | E68: 45442 | G68: ü | AC68: ü | BG68: ü | BQ68: ü | CZ68: =IF(COUNTIF(F68:CY68,"ü")<=0,0,1) -> 1 | DA68: Ok
A69: 61 | B69: 4119 | C69: Nguyễn Thanh Hùng | D69: Arrow Graphics | E69: 45442 | AC69: ü | AY69: ü | BR69: ü | BS69: ü | BT69: ü | CZ69: =IF(COUNTIF(F69:CY69,"ü")<=0,0,1) -> 1 | DA69: Ok
A70: 62 | B70: 4327 | C70: Nguyễn Chí Thanh | D70: Arrow Graphics | E70: 45442 | AC70: ü | AY70: ü | BR70: ü | BS70: ü | CZ70: =IF(COUNTIF(F70:CY70,"ü")<=0,0,1) -> 1 | DA70: Ok
A71: 63 | B71: 5096 | C71: Mai Đinh Mộng Lanh | D71: Arrow Graphics | E71: 45442 | AY71: ü | CZ71: =IF(COUNTIF(F71:CY71,"ü")<=0,0,1) -> 1 | DA71: Ok
A72: 64 | B72: 5097 | C72: Nguyễn Thị Thủy | D72: Arrow Graphics | E72: 45442 | G72: ü | AY72: ü | CZ72: =IF(COUNTIF(F72:CY72,"ü")<=0,0,1) -> 1 | DA72: Ok
A73: 65 | B73: 4122 | C73: Nguyễn Thị Hoàng Oanh | D73: Arrow Graphics | E73: 45442 | AC73: ü | AY73: ü | BR73: ü | BS73: ü | CZ73: =IF(COUNTIF(F73:CY73,"ü")<=0,0,1) -> 1 | DA73: Ok
A74: 66 | B74: 4892 | C74: Mã Trường Chiến | D74: Arrow Kayak | E74: 45694 | G74: ü | AC74: ü | BG74: ü | CZ74: =IF(COUNTIF(F74:CY74,"ü")<=0,0,1) -> 1 | DA74: Ok
A75: 67 | B75: 5033 | C75: Lê Văn Linh | D75: Arrow Kayak | E75: 45442 | G75: ü | BE75: ü | BG75: ü | BQ75: ü | CZ75: =IF(COUNTIF(F75:CY75,"ü")<=0,0,1) -> 1 | DA75: Ok
A76: 68 | B76: 1347 | C76: Lê Hữu Tài | D76: Golf Finishing | E76: 45679 | G76: ü | AH76: ü | AJ76: ü | AK76: ü | CJ76: ü | CK76: ü | CN76: ü | CZ76: =IF(COUNTIF(F76:CY76,"ü")<=0,0,1) -> 1 | DA76: Ok
A77: 69 | B77: 3160 | C77: Hà Văn Hạnh | D77: Golf Finishing | E77: 45659 | AK77: ü | CZ77: =IF(COUNTIF(F77:CY77,"ü")<=0,0,1) -> 1 | DA77: Ok
A78: 70 | B78: 5004 | C78: Thái Thanh Hồ | D78: Golf Finishing | E78: 45742 | G78: ü | AI78: ü | AJ78: ü | AK78: ü | CJ78: ü | CK78: ü | CM78: ü | CN78: ü | CZ78: =IF(COUNTIF(F78:CY78,"ü")<=0,0,1) -> 1 | DA78: Ok
A79: 71 | B79: 2272 | C79: Nguyễn Ngọc Thuận | D79: Golf Finishing | E79: 45659 | G79: ü | AH79: ü | AJ79: ü | AK79: ü | AL79: ü | AM79: ü | CK79: ü | CM79: ü | CN79: ü | CZ79: =IF(COUNTIF(F79:CY79,"ü")<=0,0,1) -> 1 | DA79: Ok
A80: 72 | B80: 4424 | C80: Phạm Văn Tùng | D80: Golf Finishing | E80: 45679 | G80: ü | AH80: ü | AI80: ü | AJ80: ü | AK80: ü | AL80: ü | AM80: ü | BS80: ü | CJ80: ü | CK80: ü | CM80: ü | CN80: ü | CZ80: =IF(COUNTIF(F80:CY80,"ü")<=0,0,1) -> 1 | DA80: Ok
A81: 73 | B81: 4816 | C81: Nguyễn Ngọc Lợi | D81: Golf Finishing | E81: 45677 | G81: ü | AH81: ü | AI81: ü | AJ81: ü | AK81: ü | AL81: ü | AM81: ü | CK81: ü | CM81: ü | CN81: ü | CZ81: =IF(COUNTIF(F81:CY81,"ü")<=0,0,1) -> 1 | DA81: Ok
A82: 74 | B82: 5184 | C82: Phan Văn Nhiều | D82: Golf Finishing | E82: 45742 | G82: ü | AI82: ü | AJ82: ü | AK82: ü | AM82: ü | CM82: ü | CN82: ü | CZ82: =IF(COUNTIF(F82:CY82,"ü")<=0,0,1) -> 1 | DA82: Ok
A83: 75 | B83: 39376 | C83: Hà Đăng Khoa | D83: Golf Finishing | E83: 45398 | CN83: ü | CZ83: =IF(COUNTIF(F83:CY83,"ü")<=0,0,1) -> 1 | DA83: Ok
A84: 76 | B84: 40074 | C84: Võ Minh Trận | D84: Golf Finishing | E84: 45659 | CN84: ü | CZ84: =IF(COUNTIF(F84:CY84,"ü")<=0,0,1) -> 1 | DA84: Ok
A85: 77 | B85: 39353 | C85: Trần Văn Thừa | D85: Golf Finishing | E85: 45659 | AJ85: ü | AK85: ü | CK85: ü | CM85: ü | CN85: ü | CZ85: =IF(COUNTIF(F85:CY85,"ü")<=0,0,1) -> 1 | DA85: OK
A86: 78 | B86: 39375 | C86: Phan Tấn Tài | D86: Golf Finishing | E86: 45386 | AK86: ü | CM86: ü | CN86: ü | CZ86: =IF(COUNTIF(F86:CY86,"ü")<=0,0,1) -> 1 | DA86: Ok
A87: 79 | B87: 4422 | C87: Nguyễn Trọng Tín | D87: Golf Finishing | E87: 45659 | G87: ü | AI87: ü | AJ87: ü | AM87: ü | CK87: ü | CM87: ü | CN87: ü | CZ87: =IF(COUNTIF(F87:CY87,"ü")<=0,0,1) -> 1 | DA87: Ok
A88: 80 | B88: 4869 | C88: Nguyễn Lê Khan | D88: Golf Finishing | E88: 45561 | G88: ü | AH88: ü | AI88: ü | AJ88: ü | AK88: ü | BS88: ü | CK88: ü | CM88: ü | CN88: ü | CZ88: =IF(COUNTIF(F88:CY88,"ü")<=0,0,1) -> 1 | DA88: Ok
A89: 81 | B89: 5031 | C89: Lê Chí Hải | D89: Golf Finishing | E89: 45677 | G89: ü | AH89: ü | AI89: ü | AJ89: ü | AK89: ü | AM89: ü | BS89: ü | CK89: ü | CM89: ü | CN89: ü | CZ89: =IF(COUNTIF(F89:CY89,"ü")<=0,0,1) -> 1 | DA89: Ok
A90: 82 | B90: 5199 | C90: Nguyễn Thị Ngọc Sương | D90: Golf Finishing | E90: 45396 | AL90: ü | CZ90: =IF(COUNTIF(F90:CY90,"ü")<=0,0,1) -> 1 | DA90: Ok
A91: 83 | B91: 5071 | C91: Chamalé Vọng | D91: Golf Finishing | E91: 45663 | G91: ü | AI91: ü | AJ91: ü | AM91: ü | CM91: ü | CN91: ü | CZ91: =IF(COUNTIF(F91:CY91,"ü")<=0,0,1) -> 1 | DA91: Ok
A92: 84 | B92: 4514 | C92: Lê Văn Nguyên | D92: Golf Finishing | E92: 45862 | G92: ü | AH92: ü | AI92: ü | AJ92: ü | AK92: ü | AL92: ü | AM92: ü | AN92: ü | AO92: ü | AU92: ü | AV92: ü | BS92: ü | CJ92: ü | CK92: ü | CM92: ü | CN92: ü | CZ92: =IF(COUNTIF(F92:CY92,"ü")<=0,0,1) -> 1 | DA92: Ok
A93: 85 | B93: 4530 | C93: Võ Vũ Phương | D93: Golf Finishing | E93: 45659 | G93: ü | AH93: ü | AI93: ü | AJ93: ü | AK93: ü | AL93: ü | AM93: ü | BC93: ü | CK93: ü | CM93: ü | CN93: ü | CZ93: =IF(COUNTIF(F93:CY93,"ü")<=0,0,1) -> 1 | DA93: Ok
A94: 86 | B94: 4481 | C94: Huỳnh Hoàng Huynh | D94: Golf Graphics | E94: 45417 | AC94: ü | AX94: ü | AY94: ü | BB94: ü | CZ94: =IF(COUNTIF(F94:CY94,"ü")<=0,0,1) -> 1 | DA94: Ok
A95: 87 | B95: 5065 | C95: Phạm Chí Nguyên | D95: Golf Graphics | E95: 45417 | AC95: ü | AX95: ü | AY95: ü | BB95: ü | CZ95: =IF(COUNTIF(F95:CY95,"ü")<=0,0,1) -> 1 | DA95: Ok
A96: 88 | B96: 4055 | C96: Nguyễn Thị Hồng Thu | D96: Golf Graphics | E96: 45416 | AC96: ü | AY96: ü | BB96: ü | CZ96: =IF(COUNTIF(F96:CY96,"ü")<=0,0,1) -> 1 | DA96: Ok
A97: 89 | B97: 5117 | C97: Huỳnh Thanh Loan | D97: Golf Graphics | E97: 45417 | AY97: ü | BB97: ü | CZ97: =IF(COUNTIF(F97:CY97,"ü")<=0,0,1) -> 1 | DA97: Ok
A98: 90 | B98: 3803 | C98: Nguyễn Thị Kim Cúc | D98: Golf Graphics | E98: 45559 | AY98: ü | BB98: ü | CZ98: =IF(COUNTIF(F98:CY98,"ü")<=0,0,1) -> 1 | DA98: Ok
A99: 91 | B99: 4688 | C99: Vi Thị Ngọc Huyền | D99: Golf Graphics | E99: 45417 | AY99: ü | BB99: ü | CZ99: =IF(COUNTIF(F99:CY99,"ü")<=0,0,1) -> 1 | DA99: Ok
A100: 92 | B100: 4692 | C100: Phan Huệ Thư | D100: Golf Graphics | E100: 45416 | AY100: ü | BB100: ü | CZ100: =IF(COUNTIF(F100:CY100,"ü")<=0,0,1) -> 1 | DA100: Ok
A101: 93 | B101: 4834 | C101: Nguyễn Thị Bích Liễu | D101: Golf Graphics | E101: 45293 | AY101: ü | BB101: ü | CZ101: =IF(COUNTIF(F101:CY101,"ü")<=0,0,1) -> 1 | DA101: Ok
...

Sheet Summary
B1: TỔNG HỢP TÌNH TRẠNG CHỨNG NHẬN VẬN HÀNH
B2: Date Update: 06/10/2026
B4: BỘ PHẬN | C4: TỔNG HẠNG MỤC | D4: TỔNG NHÂN SỰ | E4: ĐỦ ĐIỀU KIỆN | F4: THIẾU CHỨNG NHẬN | G4: TỶ LỆ TUÂN THỦ
B5: Golf Cutting | C5: =COUNTA(G_Cutting!$H$6:$S$6) -> 12 | D5: =COUNTA(G_Cutting!$C$7:$C$76) -> 67 | E5: =COUNTIF(G_Cutting!$T:$T,"đủ điều kiện") -> 67 | F5: =D5-E5 -> 0 | G5: =E5/D5 -> 1
B6: Golf Rolling | C6: =COUNTA(G_Rolling!$H$6:$U$6) -> 14 | D6: =COUNTA(G_Rolling!$C$7:$C$153) -> 144 | E6: =COUNTIF(G_Rolling!$V:$V,"đủ điều kiện") -> 138 | F6: =D6-E6 -> 6 | G6: =E6/D6 -> 0.95833333
B7: Golf Finishing | C7: =COUNTA(G_Finishing!$H$6:$S$6) -> 12 | D7: =COUNTA(G_Finishing!$C$7:$C$53) -> 47 | E7: =COUNTIF(G_Finishing!$T:$T,"đủ điều kiện") -> 47 | F7: =D7-E7 -> 0 | G7: =E7/D7 -> 1
B8: Golf Buffing | C8: =COUNTA(G_Buffing!$H$6:$S$6) -> 12 | D8: =COUNTA(G_Buffing!$C$7:$C$52) -> 45 | E8: =COUNTIF(G_Buffing!$T:$T,"đủ điều kiện") -> 45 | F8: =D8-E8 -> 0 | G8: =E8/D8 -> 1
B9: Golf Dipping | C9: =COUNTA(G_Dipping!$H$6:$Q$6) -> 10 | D9: =COUNTA(G_Dipping!$C$7:$C$82) -> 74 | E9: =COUNTIF(G_Dipping!$R:$R,"đủ điều kiện") -> 74 | F9: =D9-E9 -> 0 | G9: =E9/D9 -> 1
B10: Golf Graphics | C10: =COUNTA(G_Graphics!$H$6:$R$6) -> 11 | D10: =COUNTA(G_Graphics!$C$7:$C$85) -> 77 | E10: =COUNTIF(G_Graphics!$S:$S,"đủ điều kiện") -> 74 | F10: =D10-E10 -> 3 | G10: =E10/D10 -> 0.96103896
B11: Arrow Blank | C11: =COUNTA(A_Blank!$H$6:$Z$6) -> 19 | D11: =COUNTA(A_Blank!$C$7:$C$55) -> 49 | E11: =COUNTIF(A_Blank!$AA:$AA,"đủ điều kiện") -> 49 | F11: =D11-E11 -> 0 | G11: =E11/D11 -> 1
B12: Arrow Graphics | C12: =COUNTA(A_Graphics!$H$6:$N$6) -> 7 | D12: =COUNTA(A_Graphics!$C$7:$C$40) -> 33 | E12: =COUNTIF(A_Graphics!$O:$O,"đủ điều kiện") -> 33 | F12: =D12-E12 -> 0 | G12: =E12/D12 -> 1
B13: Kayak | C13: =COUNTA(Kayak!$H$6:$Z$6) -> 19 | D13: =COUNTA(Kayak!$C$7:$C$22) -> 16 | E13: =COUNTIF(Kayak!$AA:$AA,"đủ điều kiện") -> 16 | F13: =D13-E13 -> 0 | G13: =E13/D13 -> 1
B15: BỘ PHẬN | C15: CHƯA ĐÀO TẠO | D15: ĐANG ĐÀO TẠO | E15: CHỜ ĐÁNH GIÁ | F15: CHỜ CẤP THẺ CNVH | G15: ĐÁNH GIÁ LẠI
B16: Golf Cutting | C16: =COUNTIF(G_Cutting!$U:$U,Summary!C$15) -> 0 | D16: =COUNTIF(G_Cutting!$U:$U,Summary!D$15) -> 0 | E16: =COUNTIF(G_Cutting!$U:$U,Summary!E$15) -> 0 | F16: =COUNTIF(G_Cutting!$U:$U,Summary!F$15) -> 0 | G16: =COUNTIF(G_Cutting!$U:$U,Summary!G$15) -> 0
B17: Golf Rolling | C17: =COUNTIF(G_Rolling!$W:$W,Summary!C$15) -> 0 | D17: =COUNTIF(G_Rolling!$W:$W,Summary!D$15) -> 6 | E17: =COUNTIF(G_Rolling!$W:$W,Summary!E$15) -> 0 | F17: =COUNTIF(G_Rolling!$W:$W,Summary!F$15) -> 0 | G17: =COUNTIF(G_Rolling!$W:$W,Summary!G$15) -> 0
B18: Golf Finishing | C18: =COUNTIF(G_Finishing!$U:$U,Summary!C$15) -> 0 | D18: =COUNTIF(G_Finishing!$U:$U,Summary!D$15) -> 0 | E18: =COUNTIF(G_Finishing!$U:$U,Summary!E$15) -> 0 | F18: =COUNTIF(G_Finishing!$U:$U,Summary!F$15) -> 0 | G18: =COUNTIF(G_Finishing!$U:$U,Summary!G$15) -> 0
B19: Golf Buffing | C19: =COUNTIF(G_Buffing!$U:$U,Summary!C$15) -> 0 | D19: =COUNTIF(G_Buffing!$U:$U,Summary!D$15) -> 0 | E19: =COUNTIF(G_Buffing!$U:$U,Summary!E$15) -> 0 | F19: =COUNTIF(G_Buffing!$U:$U,Summary!F$15) -> 0 | G19: =COUNTIF(G_Buffing!$U:$U,Summary!G$15) -> 0
B20: Golf Dipping | C20: =COUNTIF(G_Dipping!$S:$S,Summary!C$15) -> 0 | D20: =COUNTIF(G_Dipping!$S:$S,Summary!D$15) -> 0 | E20: =COUNTIF(G_Dipping!$S:$S,Summary!E$15) -> 0 | F20: =COUNTIF(G_Dipping!$S:$S,Summary!F$15) -> 0 | G20: =COUNTIF(G_Dipping!$S:$S,Summary!G$15) -> 0
B21: Golf Graphics | C21: =COUNTIF(G_Graphics!$T:$T,Summary!C$15) -> 0 | D21: =COUNTIF(G_Graphics!$T:$T,Summary!D$15) -> 1 | E21: =COUNTIF(G_Graphics!$T:$T,Summary!E$15) -> 0 | F21: =COUNTIF(G_Graphics!$T:$T,Summary!F$15) -> 0 | G21: =COUNTIF(G_Graphics!$T:$T,Summary!G$15) -> 2
B22: Arrow Blank | C22: =COUNTIF(A_Blank!$AB:$AB,Summary!C$15) -> 0 | D22: =COUNTIF(A_Blank!$AB:$AB,Summary!D$15) -> 0 | E22: =COUNTIF(A_Blank!$AB:$AB,Summary!E$15) -> 0 | F22: =COUNTIF(A_Blank!$AB:$AB,Summary!F$15) -> 0 | G22: =COUNTIF(A_Blank!$AB:$AB,Summary!G$15) -> 0
B23: Arrow Graphics | C23: =COUNTIF(A_Graphics!$P:$P,Summary!C$15) -> 0 | D23: =COUNTIF(A_Graphics!$P:$P,Summary!D$15) -> 0 | E23: =COUNTIF(A_Graphics!$P:$P,Summary!E$15) -> 0 | F23: =COUNTIF(A_Graphics!$P:$P,Summary!F$15) -> 0 | G23: =COUNTIF(A_Graphics!$P:$P,Summary!G$15) -> 0
B24: Kayak | C24: =COUNTIF(Kayak!$AB:$AB,Summary!C$15) -> 0 | D24: =COUNTIF(Kayak!$AB:$AB,Summary!D$15) -> 0 | E24: =COUNTIF(Kayak!$AB:$AB,Summary!E$15) -> 0 | F24: =COUNTIF(Kayak!$AB:$AB,Summary!F$15) -> 0 | G24: =COUNTIF(Kayak!$AB:$AB,Summary!G$15) -> 0

Sheet Data
A1: Week | B1: Ngày đánh giá | C1: G_Cutting | D1: G_Rolling | E1: G_Finishing | F1: G_Buffing | G1: G_Dipping | H1: G_Graphics | I1: A_Blank | J1: A_Graphics | K1: Kayak | M1: Week | N1: G_Cutting | O1: G_Rolling | P1: G_Finishing | Q1: G_Buffing | R1: G_Dipping | S1: G_Graphics | T1: A_Blank | U1: A_Graphics | V1: Kayak | W1: Total
A2: =TEXT(B2,"yyyy") & "-T" & TEXT(MONTH(B2),"00") -> 2025-T07 | B2: {=_xlfn._xlws.SORT(_xlfn.UNIQUE(_xlfn._xlws.FILTER(_xlfn.VSTACK(G_Cutting!G7:G999,G_Rolling!G7:G991,G_Finishing!G7:G998,G_Buffing!G7:G1000,G_Dipping!G7:G1008,G_Graphics!G7:G1002,A_Blank!G7:G55,A_Graphics!G7:G998,Kayak!G7:G995),_xlfn.VSTACK(G_Cutting!G7:G999,G_Rolling!G7:G991,G_Finishing!G7:G998,G_Buffing!G7:G1000,G_Dipping!G7:G1008,G_Graphics!G7:G1002,A_Blank!G7:G55,A_Graphics!G7:G998,Kayak!G7:G995)<>"")))} -> 45858 | C2: =COUNTIFS(INDIRECT(C$1 & "!$G$6:$G$1000"),$B2) -> 0 | D2: =COUNTIFS(INDIRECT(D$1 & "!$G$6:$G$1000"),$B2) -> 1 | E2: =COUNTIFS(INDIRECT(E$1 & "!$G$6:$G$1000"),$B2) -> 0 | F2: =COUNTIFS(INDIRECT(F$1 & "!$G$6:$G$1000"),$B2) -> 0 | G2: =COUNTIFS(INDIRECT(G$1 & "!$G$6:$G$1000"),$B2) -> 0 | H2: =COUNTIFS(INDIRECT(H$1 & "!$G$6:$G$1000"),$B2) -> 0 | I2: =COUNTIFS(INDIRECT(I$1 & "!$G$6:$G$1000"),$B2) -> 0 | J2: =COUNTIFS(INDIRECT(J$1 & "!$G$6:$G$1000"),$B2) -> 0 | K2: =COUNTIFS(INDIRECT(K$1 & "!$G$6:$G$1000"),$B2) -> 0 | M2: {=_xlfn._xlws.SORT(_xlfn.UNIQUE(A2:A86))} -> 2025-T07 | N2: =_xlfn.LET(_xlpm.v,SUMIFS(C:C,$A:$A,$M2),IF(_xlpm.v=0,"",_xlpm.v)) | O2: =_xlfn.LET(_xlpm.v,SUMIFS(D:D,$A:$A,$M2),IF(_xlpm.v=0,"",_xlpm.v)) -> 2 | P2: =_xlfn.LET(_xlpm.v,SUMIFS(E:E,$A:$A,$M2),IF(_xlpm.v=0,"",_xlpm.v)) -> 1 | Q2: =_xlfn.LET(_xlpm.v,SUMIFS(F:F,$A:$A,$M2),IF(_xlpm.v=0,"",_xlpm.v)) | R2: =_xlfn.LET(_xlpm.v,SUMIFS(G:G,$A:$A,$M2),IF(_xlpm.v=0,"",_xlpm.v)) | S2: =_xlfn.LET(_xlpm.v,SUMIFS(H:H,$A:$A,$M2),IF(_xlpm.v=0,"",_xlpm.v)) | T2: =_xlfn.LET(_xlpm.v,SUMIFS(I:I,$A:$A,$M2),IF(_xlpm.v=0,"",_xlpm.v)) | U2: =_xlfn.LET(_xlpm.v,SUMIFS(J:J,$A:$A,$M2),IF(_xlpm.v=0,"",_xlpm.v)) | V2: =_xlfn.LET(_xlpm.v,SUMIFS(K:K,$A:$A,$M2),IF(_xlpm.v=0,"",_xlpm.v)) | W2: =SUM(N2:V2) -> 3
A3: =TEXT(B3,"yyyy") & "-T" & TEXT(MONTH(B3),"00") -> 2025-T07 | B3: 45866 | C3: =COUNTIFS(INDIRECT(C$1 & "!$G$6:$G$1000"),$B3) -> 0 | D3: =COUNTIFS(INDIRECT(D$1 & "!$G$6:$G$1000"),$B3) -> 1 | E3: =COUNTIFS(INDIRECT(E$1 & "!$G$6:$G$1000"),$B3) -> 0 | F3: =COUNTIFS(INDIRECT(F$1 & "!$G$6:$G$1000"),$B3) -> 0 | G3: =COUNTIFS(INDIRECT(G$1 & "!$G$6:$G$1000"),$B3) -> 0 | H3: =COUNTIFS(INDIRECT(H$1 & "!$G$6:$G$1000"),$B3) -> 0 | I3: =COUNTIFS(INDIRECT(I$1 & "!$G$6:$G$1000"),$B3) -> 0 | J3: =COUNTIFS(INDIRECT(J$1 & "!$G$6:$G$1000"),$B3) -> 0 | K3: =COUNTIFS(INDIRECT(K$1 & "!$G$6:$G$1000"),$B3) -> 0 | M3: 2025-T08 | N3: =_xlfn.LET(_xlpm.v,SUMIFS(C:C,$A:$A,$M3),IF(_xlpm.v=0,"",_xlpm.v)) | O3: =_xlfn.LET(_xlpm.v,SUMIFS(D:D,$A:$A,$M3),IF(_xlpm.v=0,"",_xlpm.v)) -> 1 | P3: =_xlfn.LET(_xlpm.v,SUMIFS(E:E,$A:$A,$M3),IF(_xlpm.v=0,"",_xlpm.v)) | Q3: =_xlfn.LET(_xlpm.v,SUMIFS(F:F,$A:$A,$M3),IF(_xlpm.v=0,"",_xlpm.v)) | R3: =_xlfn.LET(_xlpm.v,SUMIFS(G:G,$A:$A,$M3),IF(_xlpm.v=0,"",_xlpm.v)) | S3: =_xlfn.LET(_xlpm.v,SUMIFS(H:H,$A:$A,$M3),IF(_xlpm.v=0,"",_xlpm.v)) | T3: =_xlfn.LET(_xlpm.v,SUMIFS(I:I,$A:$A,$M3),IF(_xlpm.v=0,"",_xlpm.v)) | U3: =_xlfn.LET(_xlpm.v,SUMIFS(J:J,$A:$A,$M3),IF(_xlpm.v=0,"",_xlpm.v)) | V3: =_xlfn.LET(_xlpm.v,SUMIFS(K:K,$A:$A,$M3),IF(_xlpm.v=0,"",_xlpm.v)) | W3: =SUM(N3:V3) -> 1
A4: =TEXT(B4,"yyyy") & "-T" & TEXT(MONTH(B4),"00") -> 2025-T07 | B4: 45869 | C4: =COUNTIFS(INDIRECT(C$1 & "!$G$6:$G$1000"),$B4) -> 0 | D4: =COUNTIFS(INDIRECT(D$1 & "!$G$6:$G$1000"),$B4) -> 0 | E4: =COUNTIFS(INDIRECT(E$1 & "!$G$6:$G$1000"),$B4) -> 1 | F4: =COUNTIFS(INDIRECT(F$1 & "!$G$6:$G$1000"),$B4) -> 0 | G4: =COUNTIFS(INDIRECT(G$1 & "!$G$6:$G$1000"),$B4) -> 0 | H4: =COUNTIFS(INDIRECT(H$1 & "!$G$6:$G$1000"),$B4) -> 0 | I4: =COUNTIFS(INDIRECT(I$1 & "!$G$6:$G$1000"),$B4) -> 0 | J4: =COUNTIFS(INDIRECT(J$1 & "!$G$6:$G$1000"),$B4) -> 0 | K4: =COUNTIFS(INDIRECT(K$1 & "!$G$6:$G$1000"),$B4) -> 0 | M4: 2025-T10 | N4: =_xlfn.LET(_xlpm.v,SUMIFS(C:C,$A:$A,$M4),IF(_xlpm.v=0,"",_xlpm.v)) | O4: =_xlfn.LET(_xlpm.v,SUMIFS(D:D,$A:$A,$M4),IF(_xlpm.v=0,"",_xlpm.v)) -> 2 | P4: =_xlfn.LET(_xlpm.v,SUMIFS(E:E,$A:$A,$M4),IF(_xlpm.v=0,"",_xlpm.v)) -> 2 | Q4: =_xlfn.LET(_xlpm.v,SUMIFS(F:F,$A:$A,$M4),IF(_xlpm.v=0,"",_xlpm.v)) -> 3 | R4: =_xlfn.LET(_xlpm.v,SUMIFS(G:G,$A:$A,$M4),IF(_xlpm.v=0,"",_xlpm.v)) -> 3 | S4: =_xlfn.LET(_xlpm.v,SUMIFS(H:H,$A:$A,$M4),IF(_xlpm.v=0,"",_xlpm.v)) | T4: =_xlfn.LET(_xlpm.v,SUMIFS(I:I,$A:$A,$M4),IF(_xlpm.v=0,"",_xlpm.v)) | U4: =_xlfn.LET(_xlpm.v,SUMIFS(J:J,$A:$A,$M4),IF(_xlpm.v=0,"",_xlpm.v)) | V4: =_xlfn.LET(_xlpm.v,SUMIFS(K:K,$A:$A,$M4),IF(_xlpm.v=0,"",_xlpm.v)) | W4: =SUM(N4:V4) -> 10
A5: =TEXT(B5,"yyyy") & "-T" & TEXT(MONTH(B5),"00") -> 2025-T08 | B5: 45892 | C5: =COUNTIFS(INDIRECT(C$1 & "!$G$6:$G$1000"),$B5) -> 0 | D5: =COUNTIFS(INDIRECT(D$1 & "!$G$6:$G$1000"),$B5) -> 1 | E5: =COUNTIFS(INDIRECT(E$1 & "!$G$6:$G$1000"),$B5) -> 0 | F5: =COUNTIFS(INDIRECT(F$1 & "!$G$6:$G$1000"),$B5) -> 0 | G5: =COUNTIFS(INDIRECT(G$1 & "!$G$6:$G$1000"),$B5) -> 0 | H5: =COUNTIFS(INDIRECT(H$1 & "!$G$6:$G$1000"),$B5) -> 0 | I5: =COUNTIFS(INDIRECT(I$1 & "!$G$6:$G$1000"),$B5) -> 0 | J5: =COUNTIFS(INDIRECT(J$1 & "!$G$6:$G$1000"),$B5) -> 0 | K5: =COUNTIFS(INDIRECT(K$1 & "!$G$6:$G$1000"),$B5) -> 0 | M5: 2025-T11 | N5: =_xlfn.LET(_xlpm.v,SUMIFS(C:C,$A:$A,$M5),IF(_xlpm.v=0,"",_xlpm.v)) -> 1 | O5: =_xlfn.LET(_xlpm.v,SUMIFS(D:D,$A:$A,$M5),IF(_xlpm.v=0,"",_xlpm.v)) -> 6 | P5: =_xlfn.LET(_xlpm.v,SUMIFS(E:E,$A:$A,$M5),IF(_xlpm.v=0,"",_xlpm.v)) | Q5: =_xlfn.LET(_xlpm.v,SUMIFS(F:F,$A:$A,$M5),IF(_xlpm.v=0,"",_xlpm.v)) | R5: =_xlfn.LET(_xlpm.v,SUMIFS(G:G,$A:$A,$M5),IF(_xlpm.v=0,"",_xlpm.v)) | S5: =_xlfn.LET(_xlpm.v,SUMIFS(H:H,$A:$A,$M5),IF(_xlpm.v=0,"",_xlpm.v)) -> 1 | T5: =_xlfn.LET(_xlpm.v,SUMIFS(I:I,$A:$A,$M5),IF(_xlpm.v=0,"",_xlpm.v)) | U5: =_xlfn.LET(_xlpm.v,SUMIFS(J:J,$A:$A,$M5),IF(_xlpm.v=0,"",_xlpm.v)) | V5: =_xlfn.LET(_xlpm.v,SUMIFS(K:K,$A:$A,$M5),IF(_xlpm.v=0,"",_xlpm.v)) | W5: =SUM(N5:V5) -> 8
A6: =TEXT(B6,"yyyy") & "-T" & TEXT(MONTH(B6),"00") -> 2025-T10 | B6: 45937 | C6: =COUNTIFS(INDIRECT(C$1 & "!$G$6:$G$1000"),$B6) -> 0 | D6: =COUNTIFS(INDIRECT(D$1 & "!$G$6:$G$1000"),$B6) -> 0 | E6: =COUNTIFS(INDIRECT(E$1 & "!$G$6:$G$1000"),$B6) -> 1 | F6: =COUNTIFS(INDIRECT(F$1 & "!$G$6:$G$1000"),$B6) -> 0 | G6: =COUNTIFS(INDIRECT(G$1 & "!$G$6:$G$1000"),$B6) -> 0 | H6: =COUNTIFS(INDIRECT(H$1 & "!$G$6:$G$1000"),$B6) -> 0 | I6: =COUNTIFS(INDIRECT(I$1 & "!$G$6:$G$1000"),$B6) -> 0 | J6: =COUNTIFS(INDIRECT(J$1 & "!$G$6:$G$1000"),$B6) -> 0 | K6: =COUNTIFS(INDIRECT(K$1 & "!$G$6:$G$1000"),$B6) -> 0 | M6: 2025-T12 | N6: =_xlfn.LET(_xlpm.v,SUMIFS(C:C,$A:$A,$M6),IF(_xlpm.v=0,"",_xlpm.v)) -> 8 | O6: =_xlfn.LET(_xlpm.v,SUMIFS(D:D,$A:$A,$M6),IF(_xlpm.v=0,"",_xlpm.v)) -> 3 | P6: =_xlfn.LET(_xlpm.v,SUMIFS(E:E,$A:$A,$M6),IF(_xlpm.v=0,"",_xlpm.v)) -> 3 | Q6: =_xlfn.LET(_xlpm.v,SUMIFS(F:F,$A:$A,$M6),IF(_xlpm.v=0,"",_xlpm.v)) -> 8 | R6: =_xlfn.LET(_xlpm.v,SUMIFS(G:G,$A:$A,$M6),IF(_xlpm.v=0,"",_xlpm.v)) -> 2 | S6: =_xlfn.LET(_xlpm.v,SUMIFS(H:H,$A:$A,$M6),IF(_xlpm.v=0,"",_xlpm.v)) | T6: =_xlfn.LET(_xlpm.v,SUMIFS(I:I,$A:$A,$M6),IF(_xlpm.v=0,"",_xlpm.v)) | U6: =_xlfn.LET(_xlpm.v,SUMIFS(J:J,$A:$A,$M6),IF(_xlpm.v=0,"",_xlpm.v)) | V6: =_xlfn.LET(_xlpm.v,SUMIFS(K:K,$A:$A,$M6),IF(_xlpm.v=0,"",_xlpm.v)) | W6: =SUM(N6:V6) -> 24
A7: =TEXT(B7,"yyyy") & "-T" & TEXT(MONTH(B7),"00") -> 2025-T10 | B7: 45945 | C7: =COUNTIFS(INDIRECT(C$1 & "!$G$6:$G$1000"),$B7) -> 0 | D7: =COUNTIFS(INDIRECT(D$1 & "!$G$6:$G$1000"),$B7) -> 0 | E7: =COUNTIFS(INDIRECT(E$1 & "!$G$6:$G$1000"),$B7) -> 1 | F7: =COUNTIFS(INDIRECT(F$1 & "!$G$6:$G$1000"),$B7) -> 0 | G7: =COUNTIFS(INDIRECT(G$1 & "!$G$6:$G$1000"),$B7) -> 0 | H7: =COUNTIFS(INDIRECT(H$1 & "!$G$6:$G$1000"),$B7) -> 0 | I7: =COUNTIFS(INDIRECT(I$1 & "!$G$6:$G$1000"),$B7) -> 0 | J7: =COUNTIFS(INDIRECT(J$1 & "!$G$6:$G$1000"),$B7) -> 0 | K7: =COUNTIFS(INDIRECT(K$1 & "!$G$6:$G$1000"),$B7) -> 0 | M7: 2026-T01 | N7: =_xlfn.LET(_xlpm.v,SUMIFS(C:C,$A:$A,$M7),IF(_xlpm.v=0,"",_xlpm.v)) | O7: =_xlfn.LET(_xlpm.v,SUMIFS(D:D,$A:$A,$M7),IF(_xlpm.v=0,"",_xlpm.v)) -> 3 | P7: =_xlfn.LET(_xlpm.v,SUMIFS(E:E,$A:$A,$M7),IF(_xlpm.v=0,"",_xlpm.v)) | Q7: =_xlfn.LET(_xlpm.v,SUMIFS(F:F,$A:$A,$M7),IF(_xlpm.v=0,"",_xlpm.v)) -> 1 | R7: =_xlfn.LET(_xlpm.v,SUMIFS(G:G,$A:$A,$M7),IF(_xlpm.v=0,"",_xlpm.v)) -> 2 | S7: =_xlfn.LET(_xlpm.v,SUMIFS(H:H,$A:$A,$M7),IF(_xlpm.v=0,"",_xlpm.v)) -> 2 | T7: =_xlfn.LET(_xlpm.v,SUMIFS(I:I,$A:$A,$M7),IF(_xlpm.v=0,"",_xlpm.v)) | U7: =_xlfn.LET(_xlpm.v,SUMIFS(J:J,$A:$A,$M7),IF(_xlpm.v=0,"",_xlpm.v)) | V7: =_xlfn.LET(_xlpm.v,SUMIFS(K:K,$A:$A,$M7),IF(_xlpm.v=0,"",_xlpm.v)) | W7: =SUM(N7:V7) -> 8
A8: =TEXT(B8,"yyyy") & "-T" & TEXT(MONTH(B8),"00") -> 2025-T10 | B8: 45948 | C8: =COUNTIFS(INDIRECT(C$1 & "!$G$6:$G$1000"),$B8) -> 0 | D8: =COUNTIFS(INDIRECT(D$1 & "!$G$6:$G$1000"),$B8) -> 0 | E8: =COUNTIFS(INDIRECT(E$1 & "!$G$6:$G$1000"),$B8) -> 0 | F8: =COUNTIFS(INDIRECT(F$1 & "!$G$6:$G$1000"),$B8) -> 0 | G8: =COUNTIFS(INDIRECT(G$1 & "!$G$6:$G$1000"),$B8) -> 3 | H8: =COUNTIFS(INDIRECT(H$1 & "!$G$6:$G$1000"),$B8) -> 0 | I8: =COUNTIFS(INDIRECT(I$1 & "!$G$6:$G$1000"),$B8) -> 0 | J8: =COUNTIFS(INDIRECT(J$1 & "!$G$6:$G$1000"),$B8) -> 0 | K8: =COUNTIFS(INDIRECT(K$1 & "!$G$6:$G$1000"),$B8) -> 0 | M8: 2026-T02 | N8: =_xlfn.LET(_xlpm.v,SUMIFS(C:C,$A:$A,$M8),IF(_xlpm.v=0,"",_xlpm.v)) -> 3 | O8: =_xlfn.LET(_xlpm.v,SUMIFS(D:D,$A:$A,$M8),IF(_xlpm.v=0,"",_xlpm.v)) -> 2 | P8: =_xlfn.LET(_xlpm.v,SUMIFS(E:E,$A:$A,$M8),IF(_xlpm.v=0,"",_xlpm.v)) | Q8: =_xlfn.LET(_xlpm.v,SUMIFS(F:F,$A:$A,$M8),IF(_xlpm.v=0,"",_xlpm.v)) | R8: =_xlfn.LET(_xlpm.v,SUMIFS(G:G,$A:$A,$M8),IF(_xlpm.v=0,"",_xlpm.v)) -> 2 | S8: =_xlfn.LET(_xlpm.v,SUMIFS(H:H,$A:$A,$M8),IF(_xlpm.v=0,"",_xlpm.v)) -> 1 | T8: =_xlfn.LET(_xlpm.v,SUMIFS(I:I,$A:$A,$M8),IF(_xlpm.v=0,"",_xlpm.v)) | U8: =_xlfn.LET(_xlpm.v,SUMIFS(J:J,$A:$A,$M8),IF(_xlpm.v=0,"",_xlpm.v)) | V8: =_xlfn.LET(_xlpm.v,SUMIFS(K:K,$A:$A,$M8),IF(_xlpm.v=0,"",_xlpm.v)) | W8: =SUM(N8:V8) -> 8
A9: =TEXT(B9,"yyyy") & "-T" & TEXT(MONTH(B9),"00") -> 2025-T10 | B9: 45950 | C9: =COUNTIFS(INDIRECT(C$1 & "!$G$6:$G$1000"),$B9) -> 0 | D9: =COUNTIFS(INDIRECT(D$1 & "!$G$6:$G$1000"),$B9) -> 0 | E9: =COUNTIFS(INDIRECT(E$1 & "!$G$6:$G$1000"),$B9) -> 0 | F9: =COUNTIFS(INDIRECT(F$1 & "!$G$6:$G$1000"),$B9) -> 1 | G9: =COUNTIFS(INDIRECT(G$1 & "!$G$6:$G$1000"),$B9) -> 0 | H9: =COUNTIFS(INDIRECT(H$1 & "!$G$6:$G$1000"),$B9) -> 0 | I9: =COUNTIFS(INDIRECT(I$1 & "!$G$6:$G$1000"),$B9) -> 0 | J9: =COUNTIFS(INDIRECT(J$1 & "!$G$6:$G$1000"),$B9) -> 0 | K9: =COUNTIFS(INDIRECT(K$1 & "!$G$6:$G$1000"),$B9) -> 0 | M9: 2026-T03 | N9: =_xlfn.LET(_xlpm.v,SUMIFS(C:C,$A:$A,$M9),IF(_xlpm.v=0,"",_xlpm.v)) -> 2 | O9: =_xlfn.LET(_xlpm.v,SUMIFS(D:D,$A:$A,$M9),IF(_xlpm.v=0,"",_xlpm.v)) -> 8 | P9: =_xlfn.LET(_xlpm.v,SUMIFS(E:E,$A:$A,$M9),IF(_xlpm.v=0,"",_xlpm.v)) -> 4 | Q9: =_xlfn.LET(_xlpm.v,SUMIFS(F:F,$A:$A,$M9),IF(_xlpm.v=0,"",_xlpm.v)) -> 1 | R9: =_xlfn.LET(_xlpm.v,SUMIFS(G:G,$A:$A,$M9),IF(_xlpm.v=0,"",_xlpm.v)) -> 7 | S9: =_xlfn.LET(_xlpm.v,SUMIFS(H:H,$A:$A,$M9),IF(_xlpm.v=0,"",_xlpm.v)) -> 4 | T9: =_xlfn.LET(_xlpm.v,SUMIFS(I:I,$A:$A,$M9),IF(_xlpm.v=0,"",_xlpm.v)) | U9: =_xlfn.LET(_xlpm.v,SUMIFS(J:J,$A:$A,$M9),IF(_xlpm.v=0,"",_xlpm.v)) | V9: =_xlfn.LET(_xlpm.v,SUMIFS(K:K,$A:$A,$M9),IF(_xlpm.v=0,"",_xlpm.v)) -> 1 | W9: =SUM(N9:V9) -> 27
A10: =TEXT(B10,"yyyy") & "-T" & TEXT(MONTH(B10),"00") -> 2025-T10 | B10: 45955 | C10: =COUNTIFS(INDIRECT(C$1 & "!$G$6:$G$1000"),$B10) -> 0 | D10: =COUNTIFS(INDIRECT(D$1 & "!$G$6:$G$1000"),$B10) -> 2 | E10: =COUNTIFS(INDIRECT(E$1 & "!$G$6:$G$1000"),$B10) -> 0 | F10: =COUNTIFS(INDIRECT(F$1 & "!$G$6:$G$1000"),$B10) -> 2 | G10: =COUNTIFS(INDIRECT(G$1 & "!$G$6:$G$1000"),$B10) -> 0 | H10: =COUNTIFS(INDIRECT(H$1 & "!$G$6:$G$1000"),$B10) -> 0 | I10: =COUNTIFS(INDIRECT(I$1 & "!$G$6:$G$1000"),$B10) -> 0 | J10: =COUNTIFS(INDIRECT(J$1 & "!$G$6:$G$1000"),$B10) -> 0 | K10: =COUNTIFS(INDIRECT(K$1 & "!$G$6:$G$1000"),$B10) -> 0 | M10: 2026-T04 | N10: =_xlfn.LET(_xlpm.v,SUMIFS(C:C,$A:$A,$M10),IF(_xlpm.v=0,"",_xlpm.v)) -> 21 | O10: =_xlfn.LET(_xlpm.v,SUMIFS(D:D,$A:$A,$M10),IF(_xlpm.v=0,"",_xlpm.v)) -> 27 | P10: =_xlfn.LET(_xlpm.v,SUMIFS(E:E,$A:$A,$M10),IF(_xlpm.v=0,"",_xlpm.v)) | Q10: =_xlfn.LET(_xlpm.v,SUMIFS(F:F,$A:$A,$M10),IF(_xlpm.v=0,"",_xlpm.v)) -> 7 | R10: =_xlfn.LET(_xlpm.v,SUMIFS(G:G,$A:$A,$M10),IF(_xlpm.v=0,"",_xlpm.v)) -> 6 | S10: =_xlfn.LET(_xlpm.v,SUMIFS(H:H,$A:$A,$M10),IF(_xlpm.v=0,"",_xlpm.v)) -> 5 | T10: =_xlfn.LET(_xlpm.v,SUMIFS(I:I,$A:$A,$M10),IF(_xlpm.v=0,"",_xlpm.v)) -> 10 | U10: =_xlfn.LET(_xlpm.v,SUMIFS(J:J,$A:$A,$M10),IF(_xlpm.v=0,"",_xlpm.v)) -> 6 | V10: =_xlfn.LET(_xlpm.v,SUMIFS(K:K,$A:$A,$M10),IF(_xlpm.v=0,"",_xlpm.v)) -> 8 | W10: =SUM(N10:V10) -> 90
A11: =TEXT(B11,"yyyy") & "-T" & TEXT(MONTH(B11),"00") -> 2025-T11 | B11: 45962 | C11: =COUNTIFS(INDIRECT(C$1 & "!$G$6:$G$1000"),$B11) -> 0 | D11: =COUNTIFS(INDIRECT(D$1 & "!$G$6:$G$1000"),$B11) -> 1 | E11: =COUNTIFS(INDIRECT(E$1 & "!$G$6:$G$1000"),$B11) -> 0 | F11: =COUNTIFS(INDIRECT(F$1 & "!$G$6:$G$1000"),$B11) -> 0 | G11: =COUNTIFS(INDIRECT(G$1 & "!$G$6:$G$1000"),$B11) -> 0 | H11: =COUNTIFS(INDIRECT(H$1 & "!$G$6:$G$1000"),$B11) -> 0 | I11: =COUNTIFS(INDIRECT(I$1 & "!$G$6:$G$1000"),$B11) -> 0 | J11: =COUNTIFS(INDIRECT(J$1 & "!$G$6:$G$1000"),$B11) -> 0 | K11: =COUNTIFS(INDIRECT(K$1 & "!$G$6:$G$1000"),$B11) -> 0 | M11: 2026-T05 | N11: =_xlfn.LET(_xlpm.v,SUMIFS(C:C,$A:$A,$M11),IF(_xlpm.v=0,"",_xlpm.v)) -> 2 | O11: =_xlfn.LET(_xlpm.v,SUMIFS(D:D,$A:$A,$M11),IF(_xlpm.v=0,"",_xlpm.v)) -> 6 | P11: =_xlfn.LET(_xlpm.v,SUMIFS(E:E,$A:$A,$M11),IF(_xlpm.v=0,"",_xlpm.v)) -> 3 | Q11: =_xlfn.LET(_xlpm.v,SUMIFS(F:F,$A:$A,$M11),IF(_xlpm.v=0,"",_xlpm.v)) -> 5 | R11: =_xlfn.LET(_xlpm.v,SUMIFS(G:G,$A:$A,$M11),IF(_xlpm.v=0,"",_xlpm.v)) -> 3 | S11: =_xlfn.LET(_xlpm.v,SUMIFS(H:H,$A:$A,$M11),IF(_xlpm.v=0,"",_xlpm.v)) -> 6 | T11: =_xlfn.LET(_xlpm.v,SUMIFS(I:I,$A:$A,$M11),IF(_xlpm.v=0,"",_xlpm.v)) -> 18 | U11: =_xlfn.LET(_xlpm.v,SUMIFS(J:J,$A:$A,$M11),IF(_xlpm.v=0,"",_xlpm.v)) -> 4 | V11: =_xlfn.LET(_xlpm.v,SUMIFS(K:K,$A:$A,$M11),IF(_xlpm.v=0,"",_xlpm.v)) -> 4 | W11: =SUM(N11:V11) -> 51
A12: =TEXT(B12,"yyyy") & "-T" & TEXT(MONTH(B12),"00") -> 2025-T11 | B12: 45975 | C12: =COUNTIFS(INDIRECT(C$1 & "!$G$6:$G$1000"),$B12) -> 0 | D12: =COUNTIFS(INDIRECT(D$1 & "!$G$6:$G$1000"),$B12) -> 5 | E12: =COUNTIFS(INDIRECT(E$1 & "!$G$6:$G$1000"),$B12) -> 0 | F12: =COUNTIFS(INDIRECT(F$1 & "!$G$6:$G$1000"),$B12) -> 0 | G12: =COUNTIFS(INDIRECT(G$1 & "!$G$6:$G$1000"),$B12) -> 0 | H12: =COUNTIFS(INDIRECT(H$1 & "!$G$6:$G$1000"),$B12) -> 0 | I12: =COUNTIFS(INDIRECT(I$1 & "!$G$6:$G$1000"),$B12) -> 0 | J12: =COUNTIFS(INDIRECT(J$1 & "!$G$6:$G$1000"),$B12) -> 0 | K12: =COUNTIFS(INDIRECT(K$1 & "!$G$6:$G$1000"),$B12) -> 0 | M12: 2026-T06 | N12: =_xlfn.LET(_xlpm.v,SUMIFS(C:C,$A:$A,$M12),IF(_xlpm.v=0,"",_xlpm.v)) -> 3 | O12: =_xlfn.LET(_xlpm.v,SUMIFS(D:D,$A:$A,$M12),IF(_xlpm.v=0,"",_xlpm.v)) | P12: =_xlfn.LET(_xlpm.v,SUMIFS(E:E,$A:$A,$M12),IF(_xlpm.v=0,"",_xlpm.v)) -> 2 | Q12: =_xlfn.LET(_xlpm.v,SUMIFS(F:F,$A:$A,$M12),IF(_xlpm.v=0,"",_xlpm.v)) -> 1 | R12: =_xlfn.LET(_xlpm.v,SUMIFS(G:G,$A:$A,$M12),IF(_xlpm.v=0,"",_xlpm.v)) | S12: =_xlfn.LET(_xlpm.v,SUMIFS(H:H,$A:$A,$M12),IF(_xlpm.v=0,"",_xlpm.v)) | T12: =_xlfn.LET(_xlpm.v,SUMIFS(I:I,$A:$A,$M12),IF(_xlpm.v=0,"",_xlpm.v)) -> 2 | U12: =_xlfn.LET(_xlpm.v,SUMIFS(J:J,$A:$A,$M12),IF(_xlpm.v=0,"",_xlpm.v)) -> 1 | V12: =_xlfn.LET(_xlpm.v,SUMIFS(K:K,$A:$A,$M12),IF(_xlpm.v=0,"",_xlpm.v)) | W12: =SUM(N12:V12) -> 9
A13: =TEXT(B13,"yyyy") & "-T" & TEXT(MONTH(B13),"00") -> 2025-T11 | B13: 45976 | C13: =COUNTIFS(INDIRECT(C$1 & "!$G$6:$G$1000"),$B13) -> 0 | D13: =COUNTIFS(INDIRECT(D$1 & "!$G$6:$G$1000"),$B13) -> 0 | E13: =COUNTIFS(INDIRECT(E$1 & "!$G$6:$G$1000"),$B13) -> 0 | F13: =COUNTIFS(INDIRECT(F$1 & "!$G$6:$G$1000"),$B13) -> 0 | G13: =COUNTIFS(INDIRECT(G$1 & "!$G$6:$G$1000"),$B13) -> 0 | H13: =COUNTIFS(INDIRECT(H$1 & "!$G$6:$G$1000"),$B13) -> 1 | I13: =COUNTIFS(INDIRECT(I$1 & "!$G$6:$G$1000"),$B13) -> 0 | J13: =COUNTIFS(INDIRECT(J$1 & "!$G$6:$G$1000"),$B13) -> 0 | K13: =COUNTIFS(INDIRECT(K$1 & "!$G$6:$G$1000"),$B13) -> 0 | N13: =_xlfn.LET(_xlpm.v,SUMIFS(C:C,$A:$A,$M13),IF(_xlpm.v=0,"",_xlpm.v)) | O13: =_xlfn.LET(_xlpm.v,SUMIFS(D:D,$A:$A,$M13),IF(_xlpm.v=0,"",_xlpm.v)) | P13: =_xlfn.LET(_xlpm.v,SUMIFS(E:E,$A:$A,$M13),IF(_xlpm.v=0,"",_xlpm.v)) | Q13: =_xlfn.LET(_xlpm.v,SUMIFS(F:F,$A:$A,$M13),IF(_xlpm.v=0,"",_xlpm.v)) | R13: =_xlfn.LET(_xlpm.v,SUMIFS(G:G,$A:$A,$M13),IF(_xlpm.v=0,"",_xlpm.v)) | S13: =_xlfn.LET(_xlpm.v,SUMIFS(H:H,$A:$A,$M13),IF(_xlpm.v=0,"",_xlpm.v)) | T13: =_xlfn.LET(_xlpm.v,SUMIFS(I:I,$A:$A,$M13),IF(_xlpm.v=0,"",_xlpm.v)) | U13: =_xlfn.LET(_xlpm.v,SUMIFS(J:J,$A:$A,$M13),IF(_xlpm.v=0,"",_xlpm.v)) | V13: =_xlfn.LET(_xlpm.v,SUMIFS(K:K,$A:$A,$M13),IF(_xlpm.v=0,"",_xlpm.v)) | W13: =SUM(N13:V13) -> 0
A14: =TEXT(B14,"yyyy") & "-T" & TEXT(MONTH(B14),"00") -> 2025-T11 | B14: 45979 | C14: =COUNTIFS(INDIRECT(C$1 & "!$G$6:$G$1000"),$B14) -> 1 | D14: =COUNTIFS(INDIRECT(D$1 & "!$G$6:$G$1000"),$B14) -> 0 | E14: =COUNTIFS(INDIRECT(E$1 & "!$G$6:$G$1000"),$B14) -> 0 | F14: =COUNTIFS(INDIRECT(F$1 & "!$G$6:$G$1000"),$B14) -> 0 | G14: =COUNTIFS(INDIRECT(G$1 & "!$G$6:$G$1000"),$B14) -> 0 | H14: =COUNTIFS(INDIRECT(H$1 & "!$G$6:$G$1000"),$B14) -> 0 | I14: =COUNTIFS(INDIRECT(I$1 & "!$G$6:$G$1000"),$B14) -> 0 | J14: =COUNTIFS(INDIRECT(J$1 & "!$G$6:$G$1000"),$B14) -> 0 | K14: =COUNTIFS(INDIRECT(K$1 & "!$G$6:$G$1000"),$B14) -> 0 | N14: =_xlfn.LET(_xlpm.v,SUMIFS(C:C,$A:$A,$M14),IF(_xlpm.v=0,"",_xlpm.v)) | O14: =_xlfn.LET(_xlpm.v,SUMIFS(D:D,$A:$A,$M14),IF(_xlpm.v=0,"",_xlpm.v)) | P14: =_xlfn.LET(_xlpm.v,SUMIFS(E:E,$A:$A,$M14),IF(_xlpm.v=0,"",_xlpm.v)) | Q14: =_xlfn.LET(_xlpm.v,SUMIFS(F:F,$A:$A,$M14),IF(_xlpm.v=0,"",_xlpm.v)) | R14: =_xlfn.LET(_xlpm.v,SUMIFS(G:G,$A:$A,$M14),IF(_xlpm.v=0,"",_xlpm.v)) | S14: =_xlfn.LET(_xlpm.v,SUMIFS(H:H,$A:$A,$M14),IF(_xlpm.v=0,"",_xlpm.v)) | T14: =_xlfn.LET(_xlpm.v,SUMIFS(I:I,$A:$A,$M14),IF(_xlpm.v=0,"",_xlpm.v)) | U14: =_xlfn.LET(_xlpm.v,SUMIFS(J:J,$A:$A,$M14),IF(_xlpm.v=0,"",_xlpm.v)) | V14: =_xlfn.LET(_xlpm.v,SUMIFS(K:K,$A:$A,$M14),IF(_xlpm.v=0,"",_xlpm.v)) | W14: =SUM(N14:V14) -> 0
A15: =TEXT(B15,"yyyy") & "-T" & TEXT(MONTH(B15),"00") -> 2025-T12 | B15: 45995 | C15: =COUNTIFS(INDIRECT(C$1 & "!$G$6:$G$1000"),$B15) -> 0 | D15: =COUNTIFS(INDIRECT(D$1 & "!$G$6:$G$1000"),$B15) -> 0 | E15: =COUNTIFS(INDIRECT(E$1 & "!$G$6:$G$1000"),$B15) -> 0 | F15: =COUNTIFS(INDIRECT(F$1 & "!$G$6:$G$1000"),$B15) -> 1 | G15: =COUNTIFS(INDIRECT(G$1 & "!$G$6:$G$1000"),$B15) -> 0 | H15: =COUNTIFS(INDIRECT(H$1 & "!$G$6:$G$1000"),$B15) -> 0 | I15: =COUNTIFS(INDIRECT(I$1 & "!$G$6:$G$1000"),$B15) -> 0 | J15: =COUNTIFS(INDIRECT(J$1 & "!$G$6:$G$1000"),$B15) -> 0 | K15: =COUNTIFS(INDIRECT(K$1 & "!$G$6:$G$1000"),$B15) -> 0 | N15: =_xlfn.LET(_xlpm.v,SUMIFS(C:C,$A:$A,$M15),IF(_xlpm.v=0,"",_xlpm.v)) | O15: =_xlfn.LET(_xlpm.v,SUMIFS(D:D,$A:$A,$M15),IF(_xlpm.v=0,"",_xlpm.v)) | P15: =_xlfn.LET(_xlpm.v,SUMIFS(E:E,$A:$A,$M15),IF(_xlpm.v=0,"",_xlpm.v)) | Q15: =_xlfn.LET(_xlpm.v,SUMIFS(F:F,$A:$A,$M15),IF(_xlpm.v=0,"",_xlpm.v)) | R15: =_xlfn.LET(_xlpm.v,SUMIFS(G:G,$A:$A,$M15),IF(_xlpm.v=0,"",_xlpm.v)) | S15: =_xlfn.LET(_xlpm.v,SUMIFS(H:H,$A:$A,$M15),IF(_xlpm.v=0,"",_xlpm.v)) | T15: =_xlfn.LET(_xlpm.v,SUMIFS(I:I,$A:$A,$M15),IF(_xlpm.v=0,"",_xlpm.v)) | U15: =_xlfn.LET(_xlpm.v,SUMIFS(J:J,$A:$A,$M15),IF(_xlpm.v=0,"",_xlpm.v)) | V15: =_xlfn.LET(_xlpm.v,SUMIFS(K:K,$A:$A,$M15),IF(_xlpm.v=0,"",_xlpm.v)) | W15: =SUM(N15:V15) -> 0
A16: =TEXT(B16,"yyyy") & "-T" & TEXT(MONTH(B16),"00") -> 2025-T12 | B16: 45998 | C16: =COUNTIFS(INDIRECT(C$1 & "!$G$6:$G$1000"),$B16) -> 1 | D16: =COUNTIFS(INDIRECT(D$1 & "!$G$6:$G$1000"),$B16) -> 0 | E16: =COUNTIFS(INDIRECT(E$1 & "!$G$6:$G$1000"),$B16) -> 0 | F16: =COUNTIFS(INDIRECT(F$1 & "!$G$6:$G$1000"),$B16) -> 5 | G16: =COUNTIFS(INDIRECT(G$1 & "!$G$6:$G$1000"),$B16) -> 0 | H16: =COUNTIFS(INDIRECT(H$1 & "!$G$6:$G$1000"),$B16) -> 0 | I16: =COUNTIFS(INDIRECT(I$1 & "!$G$6:$G$1000"),$B16) -> 0 | J16: =COUNTIFS(INDIRECT(J$1 & "!$G$6:$G$1000"),$B16) -> 0 | K16: =COUNTIFS(INDIRECT(K$1 & "!$G$6:$G$1000"),$B16) -> 0 | N16: =_xlfn.LET(_xlpm.v,SUMIFS(C:C,$A:$A,$M16),IF(_xlpm.v=0,"",_xlpm.v)) | O16: =_xlfn.LET(_xlpm.v,SUMIFS(D:D,$A:$A,$M16),IF(_xlpm.v=0,"",_xlpm.v)) | P16: =_xlfn.LET(_xlpm.v,SUMIFS(E:E,$A:$A,$M16),IF(_xlpm.v=0,"",_xlpm.v)) | Q16: =_xlfn.LET(_xlpm.v,SUMIFS(F:F,$A:$A,$M16),IF(_xlpm.v=0,"",_xlpm.v)) | R16: =_xlfn.LET(_xlpm.v,SUMIFS(G:G,$A:$A,$M16),IF(_xlpm.v=0,"",_xlpm.v)) | S16: =_xlfn.LET(_xlpm.v,SUMIFS(H:H,$A:$A,$M16),IF(_xlpm.v=0,"",_xlpm.v)) | T16: =_xlfn.LET(_xlpm.v,SUMIFS(I:I,$A:$A,$M16),IF(_xlpm.v=0,"",_xlpm.v)) | U16: =_xlfn.LET(_xlpm.v,SUMIFS(J:J,$A:$A,$M16),IF(_xlpm.v=0,"",_xlpm.v)) | V16: =_xlfn.LET(_xlpm.v,SUMIFS(K:K,$A:$A,$M16),IF(_xlpm.v=0,"",_xlpm.v)) | W16: =SUM(N16:V16) -> 0
A17: =TEXT(B17,"yyyy") & "-T" & TEXT(MONTH(B17),"00") -> 2025-T12 | B17: 46001 | C17: =COUNTIFS(INDIRECT(C$1 & "!$G$6:$G$1000"),$B17) -> 7 | D17: =COUNTIFS(INDIRECT(D$1 & "!$G$6:$G$1000"),$B17) -> 0 | E17: =COUNTIFS(INDIRECT(E$1 & "!$G$6:$G$1000"),$B17) -> 0 | F17: =COUNTIFS(INDIRECT(F$1 & "!$G$6:$G$1000"),$B17) -> 0 | G17: =COUNTIFS(INDIRECT(G$1 & "!$G$6:$G$1000"),$B17) -> 1 | H17: =COUNTIFS(INDIRECT(H$1 & "!$G$6:$G$1000"),$B17) -> 0 | I17: =COUNTIFS(INDIRECT(I$1 & "!$G$6:$G$1000"),$B17) -> 0 | J17: =COUNTIFS(INDIRECT(J$1 & "!$G$6:$G$1000"),$B17) -> 0 | K17: =COUNTIFS(INDIRECT(K$1 & "!$G$6:$G$1000"),$B17) -> 0 | N17: =_xlfn.LET(_xlpm.v,SUMIFS(C:C,$A:$A,$M17),IF(_xlpm.v=0,"",_xlpm.v)) | O17: =_xlfn.LET(_xlpm.v,SUMIFS(D:D,$A:$A,$M17),IF(_xlpm.v=0,"",_xlpm.v)) | P17: =_xlfn.LET(_xlpm.v,SUMIFS(E:E,$A:$A,$M17),IF(_xlpm.v=0,"",_xlpm.v)) | Q17: =_xlfn.LET(_xlpm.v,SUMIFS(F:F,$A:$A,$M17),IF(_xlpm.v=0,"",_xlpm.v)) | R17: =_xlfn.LET(_xlpm.v,SUMIFS(G:G,$A:$A,$M17),IF(_xlpm.v=0,"",_xlpm.v)) | S17: =_xlfn.LET(_xlpm.v,SUMIFS(H:H,$A:$A,$M17),IF(_xlpm.v=0,"",_xlpm.v)) | T17: =_xlfn.LET(_xlpm.v,SUMIFS(I:I,$A:$A,$M17),IF(_xlpm.v=0,"",_xlpm.v)) | U17: =_xlfn.LET(_xlpm.v,SUMIFS(J:J,$A:$A,$M17),IF(_xlpm.v=0,"",_xlpm.v)) | V17: =_xlfn.LET(_xlpm.v,SUMIFS(K:K,$A:$A,$M17),IF(_xlpm.v=0,"",_xlpm.v)) | W17: =SUM(N17:V17) -> 0
A18: =TEXT(B18,"yyyy") & "-T" & TEXT(MONTH(B18),"00") -> 2025-T12 | B18: 46003 | C18: =COUNTIFS(INDIRECT(C$1 & "!$G$6:$G$1000"),$B18) -> 0 | D18: =COUNTIFS(INDIRECT(D$1 & "!$G$6:$G$1000"),$B18) -> 3 | E18: =COUNTIFS(INDIRECT(E$1 & "!$G$6:$G$1000"),$B18) -> 0 | F18: =COUNTIFS(INDIRECT(F$1 & "!$G$6:$G$1000"),$B18) -> 0 | G18: =COUNTIFS(INDIRECT(G$1 & "!$G$6:$G$1000"),$B18) -> 0 | H18: =COUNTIFS(INDIRECT(H$1 & "!$G$6:$G$1000"),$B18) -> 0 | I18: =COUNTIFS(INDIRECT(I$1 & "!$G$6:$G$1000"),$B18) -> 0 | J18: =COUNTIFS(INDIRECT(J$1 & "!$G$6:$G$1000"),$B18) -> 0 | K18: =COUNTIFS(INDIRECT(K$1 & "!$G$6:$G$1000"),$B18) -> 0 | N18: =_xlfn.LET(_xlpm.v,SUMIFS(C:C,$A:$A,$M18),IF(_xlpm.v=0,"",_xlpm.v)) | O18: =_xlfn.LET(_xlpm.v,SUMIFS(D:D,$A:$A,$M18),IF(_xlpm.v=0,"",_xlpm.v)) | P18: =_xlfn.LET(_xlpm.v,SUMIFS(E:E,$A:$A,$M18),IF(_xlpm.v=0,"",_xlpm.v)) | Q18: =_xlfn.LET(_xlpm.v,SUMIFS(F:F,$A:$A,$M18),IF(_xlpm.v=0,"",_xlpm.v)) | R18: =_xlfn.LET(_xlpm.v,SUMIFS(G:G,$A:$A,$M18),IF(_xlpm.v=0,"",_xlpm.v)) | S18: =_xlfn.LET(_xlpm.v,SUMIFS(H:H,$A:$A,$M18),IF(_xlpm.v=0,"",_xlpm.v)) | T18: =_xlfn.LET(_xlpm.v,SUMIFS(I:I,$A:$A,$M18),IF(_xlpm.v=0,"",_xlpm.v)) | U18: =_xlfn.LET(_xlpm.v,SUMIFS(J:J,$A:$A,$M18),IF(_xlpm.v=0,"",_xlpm.v)) | V18: =_xlfn.LET(_xlpm.v,SUMIFS(K:K,$A:$A,$M18),IF(_xlpm.v=0,"",_xlpm.v)) | W18: =SUM(N18:V18) -> 0
A19: =TEXT(B19,"yyyy") & "-T" & TEXT(MONTH(B19),"00") -> 2025-T12 | B19: 46006 | C19: =COUNTIFS(INDIRECT(C$1 & "!$G$6:$G$1000"),$B19) -> 0 | D19: =COUNTIFS(INDIRECT(D$1 & "!$G$6:$G$1000"),$B19) -> 0 | E19: =COUNTIFS(INDIRECT(E$1 & "!$G$6:$G$1000"),$B19) -> 0 | F19: =COUNTIFS(INDIRECT(F$1 & "!$G$6:$G$1000"),$B19) -> 0 | G19: =COUNTIFS(INDIRECT(G$1 & "!$G$6:$G$1000"),$B19) -> 1 | H19: =COUNTIFS(INDIRECT(H$1 & "!$G$6:$G$1000"),$B19) -> 0 | I19: =COUNTIFS(INDIRECT(I$1 & "!$G$6:$G$1000"),$B19) -> 0 | J19: =COUNTIFS(INDIRECT(J$1 & "!$G$6:$G$1000"),$B19) -> 0 | K19: =COUNTIFS(INDIRECT(K$1 & "!$G$6:$G$1000"),$B19) -> 0 | N19: =_xlfn.LET(_xlpm.v,SUMIFS(C:C,$A:$A,$M19),IF(_xlpm.v=0,"",_xlpm.v)) | O19: =_xlfn.LET(_xlpm.v,SUMIFS(D:D,$A:$A,$M19),IF(_xlpm.v=0,"",_xlpm.v)) | P19: =_xlfn.LET(_xlpm.v,SUMIFS(E:E,$A:$A,$M19),IF(_xlpm.v=0,"",_xlpm.v)) | Q19: =_xlfn.LET(_xlpm.v,SUMIFS(F:F,$A:$A,$M19),IF(_xlpm.v=0,"",_xlpm.v)) | R19: =_xlfn.LET(_xlpm.v,SUMIFS(G:G,$A:$A,$M19),IF(_xlpm.v=0,"",_xlpm.v)) | S19: =_xlfn.LET(_xlpm.v,SUMIFS(H:H,$A:$A,$M19),IF(_xlpm.v=0,"",_xlpm.v)) | T19: =_xlfn.LET(_xlpm.v,SUMIFS(I:I,$A:$A,$M19),IF(_xlpm.v=0,"",_xlpm.v)) | U19: =_xlfn.LET(_xlpm.v,SUMIFS(J:J,$A:$A,$M19),IF(_xlpm.v=0,"",_xlpm.v)) | V19: =_xlfn.LET(_xlpm.v,SUMIFS(K:K,$A:$A,$M19),IF(_xlpm.v=0,"",_xlpm.v)) | W19: =SUM(N19:V19) -> 0
A20: =TEXT(B20,"yyyy") & "-T" & TEXT(MONTH(B20),"00") -> 2025-T12 | B20: 46008 | C20: =COUNTIFS(INDIRECT(C$1 & "!$G$6:$G$1000"),$B20) -> 0 | D20: =COUNTIFS(INDIRECT(D$1 & "!$G$6:$G$1000"),$B20) -> 0 | E20: =COUNTIFS(INDIRECT(E$1 & "!$G$6:$G$1000"),$B20) -> 0 | F20: =COUNTIFS(INDIRECT(F$1 & "!$G$6:$G$1000"),$B20) -> 2 | G20: =COUNTIFS(INDIRECT(G$1 & "!$G$6:$G$1000"),$B20) -> 0 | H20: =COUNTIFS(INDIRECT(H$1 & "!$G$6:$G$1000"),$B20) -> 0 | I20: =COUNTIFS(INDIRECT(I$1 & "!$G$6:$G$1000"),$B20) -> 0 | J20: =COUNTIFS(INDIRECT(J$1 & "!$G$6:$G$1000"),$B20) -> 0 | K20: =COUNTIFS(INDIRECT(K$1 & "!$G$6:$G$1000"),$B20) -> 0 | N20: =_xlfn.LET(_xlpm.v,SUMIFS(C:C,$A:$A,$M20),IF(_xlpm.v=0,"",_xlpm.v)) | O20: =_xlfn.LET(_xlpm.v,SUMIFS(D:D,$A:$A,$M20),IF(_xlpm.v=0,"",_xlpm.v)) | P20: =_xlfn.LET(_xlpm.v,SUMIFS(E:E,$A:$A,$M20),IF(_xlpm.v=0,"",_xlpm.v)) | Q20: =_xlfn.LET(_xlpm.v,SUMIFS(F:F,$A:$A,$M20),IF(_xlpm.v=0,"",_xlpm.v)) | R20: =_xlfn.LET(_xlpm.v,SUMIFS(G:G,$A:$A,$M20),IF(_xlpm.v=0,"",_xlpm.v)) | S20: =_xlfn.LET(_xlpm.v,SUMIFS(H:H,$A:$A,$M20),IF(_xlpm.v=0,"",_xlpm.v)) | T20: =_xlfn.LET(_xlpm.v,SUMIFS(I:I,$A:$A,$M20),IF(_xlpm.v=0,"",_xlpm.v)) | U20: =_xlfn.LET(_xlpm.v,SUMIFS(J:J,$A:$A,$M20),IF(_xlpm.v=0,"",_xlpm.v)) | V20: =_xlfn.LET(_xlpm.v,SUMIFS(K:K,$A:$A,$M20),IF(_xlpm.v=0,"",_xlpm.v)) | W20: =SUM(N20:V20) -> 0
A21: =TEXT(B21,"yyyy") & "-T" & TEXT(MONTH(B21),"00") -> 2025-T12 | B21: 46013 | C21: =COUNTIFS(INDIRECT(C$1 & "!$G$6:$G$1000"),$B21) -> 0 | D21: =COUNTIFS(INDIRECT(D$1 & "!$G$6:$G$1000"),$B21) -> 0 | E21: =COUNTIFS(INDIRECT(E$1 & "!$G$6:$G$1000"),$B21) -> 3 | F21: =COUNTIFS(INDIRECT(F$1 & "!$G$6:$G$1000"),$B21) -> 0 | G21: =COUNTIFS(INDIRECT(G$1 & "!$G$6:$G$1000"),$B21) -> 0 | H21: =COUNTIFS(INDIRECT(H$1 & "!$G$6:$G$1000"),$B21) -> 0 | I21: =COUNTIFS(INDIRECT(I$1 & "!$G$6:$G$1000"),$B21) -> 0 | J21: =COUNTIFS(INDIRECT(J$1 & "!$G$6:$G$1000"),$B21) -> 0 | K21: =COUNTIFS(INDIRECT(K$1 & "!$G$6:$G$1000"),$B21) -> 0 | N21: =_xlfn.LET(_xlpm.v,SUMIFS(C:C,$A:$A,$M21),IF(_xlpm.v=0,"",_xlpm.v)) | O21: =_xlfn.LET(_xlpm.v,SUMIFS(D:D,$A:$A,$M21),IF(_xlpm.v=0,"",_xlpm.v)) | P21: =_xlfn.LET(_xlpm.v,SUMIFS(E:E,$A:$A,$M21),IF(_xlpm.v=0,"",_xlpm.v)) | Q21: =_xlfn.LET(_xlpm.v,SUMIFS(F:F,$A:$A,$M21),IF(_xlpm.v=0,"",_xlpm.v)) | R21: =_xlfn.LET(_xlpm.v,SUMIFS(G:G,$A:$A,$M21),IF(_xlpm.v=0,"",_xlpm.v)) | S21: =_xlfn.LET(_xlpm.v,SUMIFS(H:H,$A:$A,$M21),IF(_xlpm.v=0,"",_xlpm.v)) | T21: =_xlfn.LET(_xlpm.v,SUMIFS(I:I,$A:$A,$M21),IF(_xlpm.v=0,"",_xlpm.v)) | U21: =_xlfn.LET(_xlpm.v,SUMIFS(J:J,$A:$A,$M21),IF(_xlpm.v=0,"",_xlpm.v)) | V21: =_xlfn.LET(_xlpm.v,SUMIFS(K:K,$A:$A,$M21),IF(_xlpm.v=0,"",_xlpm.v)) | W21: =SUM(N21:V21) -> 0
A22: =TEXT(B22,"yyyy") & "-T" & TEXT(MONTH(B22),"00") -> 2026-T01 | B22: 46028 | C22: =COUNTIFS(INDIRECT(C$1 & "!$G$6:$G$1000"),$B22) -> 0 | D22: =COUNTIFS(INDIRECT(D$1 & "!$G$6:$G$1000"),$B22) -> 0 | E22: =COUNTIFS(INDIRECT(E$1 & "!$G$6:$G$1000"),$B22) -> 0 | F22: =COUNTIFS(INDIRECT(F$1 & "!$G$6:$G$1000"),$B22) -> 1 | G22: =COUNTIFS(INDIRECT(G$1 & "!$G$6:$G$1000"),$B22) -> 0 | H22: =COUNTIFS(INDIRECT(H$1 & "!$G$6:$G$1000"),$B22) -> 0 | I22: =COUNTIFS(INDIRECT(I$1 & "!$G$6:$G$1000"),$B22) -> 0 | J22: =COUNTIFS(INDIRECT(J$1 & "!$G$6:$G$1000"),$B22) -> 0 | K22: =COUNTIFS(INDIRECT(K$1 & "!$G$6:$G$1000"),$B22) -> 0 | N22: =_xlfn.LET(_xlpm.v,SUMIFS(C:C,$A:$A,$M22),IF(_xlpm.v=0,"",_xlpm.v)) | O22: =_xlfn.LET(_xlpm.v,SUMIFS(D:D,$A:$A,$M22),IF(_xlpm.v=0,"",_xlpm.v)) | P22: =_xlfn.LET(_xlpm.v,SUMIFS(E:E,$A:$A,$M22),IF(_xlpm.v=0,"",_xlpm.v)) | Q22: =_xlfn.LET(_xlpm.v,SUMIFS(F:F,$A:$A,$M22),IF(_xlpm.v=0,"",_xlpm.v)) | R22: =_xlfn.LET(_xlpm.v,SUMIFS(G:G,$A:$A,$M22),IF(_xlpm.v=0,"",_xlpm.v)) | S22: =_xlfn.LET(_xlpm.v,SUMIFS(H:H,$A:$A,$M22),IF(_xlpm.v=0,"",_xlpm.v)) | T22: =_xlfn.LET(_xlpm.v,SUMIFS(I:I,$A:$A,$M22),IF(_xlpm.v=0,"",_xlpm.v)) | U22: =_xlfn.LET(_xlpm.v,SUMIFS(J:J,$A:$A,$M22),IF(_xlpm.v=0,"",_xlpm.v)) | V22: =_xlfn.LET(_xlpm.v,SUMIFS(K:K,$A:$A,$M22),IF(_xlpm.v=0,"",_xlpm.v))
A23: =TEXT(B23,"yyyy") & "-T" & TEXT(MONTH(B23),"00") -> 2026-T01 | B23: 46031 | C23: =COUNTIFS(INDIRECT(C$1 & "!$G$6:$G$1000"),$B23) -> 0 | D23: =COUNTIFS(INDIRECT(D$1 & "!$G$6:$G$1000"),$B23) -> 0 | E23: =COUNTIFS(INDIRECT(E$1 & "!$G$6:$G$1000"),$B23) -> 0 | F23: =COUNTIFS(INDIRECT(F$1 & "!$G$6:$G$1000"),$B23) -> 0 | G23: =COUNTIFS(INDIRECT(G$1 & "!$G$6:$G$1000"),$B23) -> 1 | H23: =COUNTIFS(INDIRECT(H$1 & "!$G$6:$G$1000"),$B23) -> 2 | I23: =COUNTIFS(INDIRECT(I$1 & "!$G$6:$G$1000"),$B23) -> 0 | J23: =COUNTIFS(INDIRECT(J$1 & "!$G$6:$G$1000"),$B23) -> 0 | K23: =COUNTIFS(INDIRECT(K$1 & "!$G$6:$G$1000"),$B23) -> 0 | N23: =_xlfn.LET(_xlpm.v,SUMIFS(C:C,$A:$A,$M23),IF(_xlpm.v=0,"",_xlpm.v)) | O23: =_xlfn.LET(_xlpm.v,SUMIFS(D:D,$A:$A,$M23),IF(_xlpm.v=0,"",_xlpm.v)) | P23: =_xlfn.LET(_xlpm.v,SUMIFS(E:E,$A:$A,$M23),IF(_xlpm.v=0,"",_xlpm.v)) | Q23: =_xlfn.LET(_xlpm.v,SUMIFS(F:F,$A:$A,$M23),IF(_xlpm.v=0,"",_xlpm.v)) | R23: =_xlfn.LET(_xlpm.v,SUMIFS(G:G,$A:$A,$M23),IF(_xlpm.v=0,"",_xlpm.v)) | S23: =_xlfn.LET(_xlpm.v,SUMIFS(H:H,$A:$A,$M23),IF(_xlpm.v=0,"",_xlpm.v)) | T23: =_xlfn.LET(_xlpm.v,SUMIFS(I:I,$A:$A,$M23),IF(_xlpm.v=0,"",_xlpm.v)) | U23: =_xlfn.LET(_xlpm.v,SUMIFS(J:J,$A:$A,$M23),IF(_xlpm.v=0,"",_xlpm.v)) | V23: =_xlfn.LET(_xlpm.v,SUMIFS(K:K,$A:$A,$M23),IF(_xlpm.v=0,"",_xlpm.v))
A24: =TEXT(B24,"yyyy") & "-T" & TEXT(MONTH(B24),"00") -> 2026-T01 | B24: 46042 | C24: =COUNTIFS(INDIRECT(C$1 & "!$G$6:$G$1000"),$B24) -> 0 | D24: =COUNTIFS(INDIRECT(D$1 & "!$G$6:$G$1000"),$B24) -> 0 | E24: =COUNTIFS(INDIRECT(E$1 & "!$G$6:$G$1000"),$B24) -> 0 | F24: =COUNTIFS(INDIRECT(F$1 & "!$G$6:$G$1000"),$B24) -> 0 | G24: =COUNTIFS(INDIRECT(G$1 & "!$G$6:$G$1000"),$B24) -> 1 | H24: =COUNTIFS(INDIRECT(H$1 & "!$G$6:$G$1000"),$B24) -> 0 | I24: =COUNTIFS(INDIRECT(I$1 & "!$G$6:$G$1000"),$B24) -> 0 | J24: =COUNTIFS(INDIRECT(J$1 & "!$G$6:$G$1000"),$B24) -> 0 | K24: =COUNTIFS(INDIRECT(K$1 & "!$G$6:$G$1000"),$B24) -> 0 | N24: =_xlfn.LET(_xlpm.v,SUMIFS(C:C,$A:$A,$M24),IF(_xlpm.v=0,"",_xlpm.v)) | O24: =_xlfn.LET(_xlpm.v,SUMIFS(D:D,$A:$A,$M24),IF(_xlpm.v=0,"",_xlpm.v)) | P24: =_xlfn.LET(_xlpm.v,SUMIFS(E:E,$A:$A,$M24),IF(_xlpm.v=0,"",_xlpm.v)) | Q24: =_xlfn.LET(_xlpm.v,SUMIFS(F:F,$A:$A,$M24),IF(_xlpm.v=0,"",_xlpm.v)) | R24: =_xlfn.LET(_xlpm.v,SUMIFS(G:G,$A:$A,$M24),IF(_xlpm.v=0,"",_xlpm.v)) | S24: =_xlfn.LET(_xlpm.v,SUMIFS(H:H,$A:$A,$M24),IF(_xlpm.v=0,"",_xlpm.v)) | T24: =_xlfn.LET(_xlpm.v,SUMIFS(I:I,$A:$A,$M24),IF(_xlpm.v=0,"",_xlpm.v)) | U24: =_xlfn.LET(_xlpm.v,SUMIFS(J:J,$A:$A,$M24),IF(_xlpm.v=0,"",_xlpm.v)) | V24: =_xlfn.LET(_xlpm.v,SUMIFS(K:K,$A:$A,$M24),IF(_xlpm.v=0,"",_xlpm.v))
A25: =TEXT(B25,"yyyy") & "-T" & TEXT(MONTH(B25),"00") -> 2026-T01 | B25: 46053 | C25: =COUNTIFS(INDIRECT(C$1 & "!$G$6:$G$1000"),$B25) -> 0 | D25: =COUNTIFS(INDIRECT(D$1 & "!$G$6:$G$1000"),$B25) -> 3 | E25: =COUNTIFS(INDIRECT(E$1 & "!$G$6:$G$1000"),$B25) -> 0 | F25: =COUNTIFS(INDIRECT(F$1 & "!$G$6:$G$1000"),$B25) -> 0 | G25: =COUNTIFS(INDIRECT(G$1 & "!$G$6:$G$1000"),$B25) -> 0 | H25: =COUNTIFS(INDIRECT(H$1 & "!$G$6:$G$1000"),$B25) -> 0 | I25: =COUNTIFS(INDIRECT(I$1 & "!$G$6:$G$1000"),$B25) -> 0 | J25: =COUNTIFS(INDIRECT(J$1 & "!$G$6:$G$1000"),$B25) -> 0 | K25: =COUNTIFS(INDIRECT(K$1 & "!$G$6:$G$1000"),$B25) -> 0 | N25: =_xlfn.LET(_xlpm.v,SUMIFS(C:C,$A:$A,$M25),IF(_xlpm.v=0,"",_xlpm.v)) | O25: =_xlfn.LET(_xlpm.v,SUMIFS(D:D,$A:$A,$M25),IF(_xlpm.v=0,"",_xlpm.v)) | P25: =_xlfn.LET(_xlpm.v,SUMIFS(E:E,$A:$A,$M25),IF(_xlpm.v=0,"",_xlpm.v)) | Q25: =_xlfn.LET(_xlpm.v,SUMIFS(F:F,$A:$A,$M25),IF(_xlpm.v=0,"",_xlpm.v)) | R25: =_xlfn.LET(_xlpm.v,SUMIFS(G:G,$A:$A,$M25),IF(_xlpm.v=0,"",_xlpm.v)) | S25: =_xlfn.LET(_xlpm.v,SUMIFS(H:H,$A:$A,$M25),IF(_xlpm.v=0,"",_xlpm.v)) | T25: =_xlfn.LET(_xlpm.v,SUMIFS(I:I,$A:$A,$M25),IF(_xlpm.v=0,"",_xlpm.v)) | U25: =_xlfn.LET(_xlpm.v,SUMIFS(J:J,$A:$A,$M25),IF(_xlpm.v=0,"",_xlpm.v)) | V25: =_xlfn.LET(_xlpm.v,SUMIFS(K:K,$A:$A,$M25),IF(_xlpm.v=0,"",_xlpm.v))
A26: =TEXT(B26,"yyyy") & "-T" & TEXT(MONTH(B26),"00") -> 2026-T02 | B26: 46055 | C26: =COUNTIFS(INDIRECT(C$1 & "!$G$6:$G$1000"),$B26) -> 3 | D26: =COUNTIFS(INDIRECT(D$1 & "!$G$6:$G$1000"),$B26) -> 0 | E26: =COUNTIFS(INDIRECT(E$1 & "!$G$6:$G$1000"),$B26) -> 0 | F26: =COUNTIFS(INDIRECT(F$1 & "!$G$6:$G$1000"),$B26) -> 0 | G26: =COUNTIFS(INDIRECT(G$1 & "!$G$6:$G$1000"),$B26) -> 0 | H26: =COUNTIFS(INDIRECT(H$1 & "!$G$6:$G$1000"),$B26) -> 0 | I26: =COUNTIFS(INDIRECT(I$1 & "!$G$6:$G$1000"),$B26) -> 0 | J26: =COUNTIFS(INDIRECT(J$1 & "!$G$6:$G$1000"),$B26) -> 0 | K26: =COUNTIFS(INDIRECT(K$1 & "!$G$6:$G$1000"),$B26) -> 0 | N26: =_xlfn.LET(_xlpm.v,SUMIFS(C:C,$A:$A,$M26),IF(_xlpm.v=0,"",_xlpm.v)) | O26: =_xlfn.LET(_xlpm.v,SUMIFS(D:D,$A:$A,$M26),IF(_xlpm.v=0,"",_xlpm.v)) | P26: =_xlfn.LET(_xlpm.v,SUMIFS(E:E,$A:$A,$M26),IF(_xlpm.v=0,"",_xlpm.v)) | Q26: =_xlfn.LET(_xlpm.v,SUMIFS(F:F,$A:$A,$M26),IF(_xlpm.v=0,"",_xlpm.v)) | R26: =_xlfn.LET(_xlpm.v,SUMIFS(G:G,$A:$A,$M26),IF(_xlpm.v=0,"",_xlpm.v)) | S26: =_xlfn.LET(_xlpm.v,SUMIFS(H:H,$A:$A,$M26),IF(_xlpm.v=0,"",_xlpm.v)) | T26: =_xlfn.LET(_xlpm.v,SUMIFS(I:I,$A:$A,$M26),IF(_xlpm.v=0,"",_xlpm.v)) | U26: =_xlfn.LET(_xlpm.v,SUMIFS(J:J,$A:$A,$M26),IF(_xlpm.v=0,"",_xlpm.v)) | V26: =_xlfn.LET(_xlpm.v,SUMIFS(K:K,$A:$A,$M26),IF(_xlpm.v=0,"",_xlpm.v))
A27: =TEXT(B27,"yyyy") & "-T" & TEXT(MONTH(B27),"00") -> 2026-T02 | B27: 46058 | C27: =COUNTIFS(INDIRECT(C$1 & "!$G$6:$G$1000"),$B27) -> 0 | D27: =COUNTIFS(INDIRECT(D$1 & "!$G$6:$G$1000"),$B27) -> 2 | E27: =COUNTIFS(INDIRECT(E$1 & "!$G$6:$G$1000"),$B27) -> 0 | F27: =COUNTIFS(INDIRECT(F$1 & "!$G$6:$G$1000"),$B27) -> 0 | G27: =COUNTIFS(INDIRECT(G$1 & "!$G$6:$G$1000"),$B27) -> 0 | H27: =COUNTIFS(INDIRECT(H$1 & "!$G$6:$G$1000"),$B27) -> 1 | I27: =COUNTIFS(INDIRECT(I$1 & "!$G$6:$G$1000"),$B27) -> 0 | J27: =COUNTIFS(INDIRECT(J$1 & "!$G$6:$G$1000"),$B27) -> 0 | K27: =COUNTIFS(INDIRECT(K$1 & "!$G$6:$G$1000"),$B27) -> 0 | N27: =_xlfn.LET(_xlpm.v,SUMIFS(C:C,$A:$A,$M27),IF(_xlpm.v=0,"",_xlpm.v)) | O27: =_xlfn.LET(_xlpm.v,SUMIFS(D:D,$A:$A,$M27),IF(_xlpm.v=0,"",_xlpm.v)) | P27: =_xlfn.LET(_xlpm.v,SUMIFS(E:E,$A:$A,$M27),IF(_xlpm.v=0,"",_xlpm.v)) | Q27: =_xlfn.LET(_xlpm.v,SUMIFS(F:F,$A:$A,$M27),IF(_xlpm.v=0,"",_xlpm.v)) | R27: =_xlfn.LET(_xlpm.v,SUMIFS(G:G,$A:$A,$M27),IF(_xlpm.v=0,"",_xlpm.v)) | S27: =_xlfn.LET(_xlpm.v,SUMIFS(H:H,$A:$A,$M27),IF(_xlpm.v=0,"",_xlpm.v)) | T27: =_xlfn.LET(_xlpm.v,SUMIFS(I:I,$A:$A,$M27),IF(_xlpm.v=0,"",_xlpm.v)) | U27: =_xlfn.LET(_xlpm.v,SUMIFS(J:J,$A:$A,$M27),IF(_xlpm.v=0,"",_xlpm.v)) | V27: =_xlfn.LET(_xlpm.v,SUMIFS(K:K,$A:$A,$M27),IF(_xlpm.v=0,"",_xlpm.v))
A28: =TEXT(B28,"yyyy") & "-T" & TEXT(MONTH(B28),"00") -> 2026-T02 | B28: 46061 | C28: =COUNTIFS(INDIRECT(C$1 & "!$G$6:$G$1000"),$B28) -> 0 | D28: =COUNTIFS(INDIRECT(D$1 & "!$G$6:$G$1000"),$B28) -> 0 | E28: =COUNTIFS(INDIRECT(E$1 & "!$G$6:$G$1000"),$B28) -> 0 | F28: =COUNTIFS(INDIRECT(F$1 & "!$G$6:$G$1000"),$B28) -> 0 | G28: =COUNTIFS(INDIRECT(G$1 & "!$G$6:$G$1000"),$B28) -> 2 | H28: =COUNTIFS(INDIRECT(H$1 & "!$G$6:$G$1000"),$B28) -> 0 | I28: =COUNTIFS(INDIRECT(I$1 & "!$G$6:$G$1000"),$B28) -> 0 | J28: =COUNTIFS(INDIRECT(J$1 & "!$G$6:$G$1000"),$B28) -> 0 | K28: =COUNTIFS(INDIRECT(K$1 & "!$G$6:$G$1000"),$B28) -> 0 | N28: =_xlfn.LET(_xlpm.v,SUMIFS(C:C,$A:$A,$M28),IF(_xlpm.v=0,"",_xlpm.v)) | O28: =_xlfn.LET(_xlpm.v,SUMIFS(D:D,$A:$A,$M28),IF(_xlpm.v=0,"",_xlpm.v)) | P28: =_xlfn.LET(_xlpm.v,SUMIFS(E:E,$A:$A,$M28),IF(_xlpm.v=0,"",_xlpm.v)) | Q28: =_xlfn.LET(_xlpm.v,SUMIFS(F:F,$A:$A,$M28),IF(_xlpm.v=0,"",_xlpm.v)) | R28: =_xlfn.LET(_xlpm.v,SUMIFS(G:G,$A:$A,$M28),IF(_xlpm.v=0,"",_xlpm.v)) | S28: =_xlfn.LET(_xlpm.v,SUMIFS(H:H,$A:$A,$M28),IF(_xlpm.v=0,"",_xlpm.v)) | T28: =_xlfn.LET(_xlpm.v,SUMIFS(I:I,$A:$A,$M28),IF(_xlpm.v=0,"",_xlpm.v)) | U28: =_xlfn.LET(_xlpm.v,SUMIFS(J:J,$A:$A,$M28),IF(_xlpm.v=0,"",_xlpm.v)) | V28: =_xlfn.LET(_xlpm.v,SUMIFS(K:K,$A:$A,$M28),IF(_xlpm.v=0,"",_xlpm.v))
A29: =TEXT(B29,"yyyy") & "-T" & TEXT(MONTH(B29),"00") -> 2026-T03 | B29: 46089 | C29: =COUNTIFS(INDIRECT(C$1 & "!$G$6:$G$1000"),$B29) -> 0 | D29: =COUNTIFS(INDIRECT(D$1 & "!$G$6:$G$1000"),$B29) -> 1 | E29: =COUNTIFS(INDIRECT(E$1 & "!$G$6:$G$1000"),$B29) -> 0 | F29: =COUNTIFS(INDIRECT(F$1 & "!$G$6:$G$1000"),$B29) -> 0 | G29: =COUNTIFS(INDIRECT(G$1 & "!$G$6:$G$1000"),$B29) -> 0 | H29: =COUNTIFS(INDIRECT(H$1 & "!$G$6:$G$1000"),$B29) -> 0 | I29: =COUNTIFS(INDIRECT(I$1 & "!$G$6:$G$1000"),$B29) -> 0 | J29: =COUNTIFS(INDIRECT(J$1 & "!$G$6:$G$1000"),$B29) -> 0 | K29: =COUNTIFS(INDIRECT(K$1 & "!$G$6:$G$1000"),$B29) -> 0 | N29: =_xlfn.LET(_xlpm.v,SUMIFS(C:C,$A:$A,$M29),IF(_xlpm.v=0,"",_xlpm.v)) | O29: =_xlfn.LET(_xlpm.v,SUMIFS(D:D,$A:$A,$M29),IF(_xlpm.v=0,"",_xlpm.v)) | P29: =_xlfn.LET(_xlpm.v,SUMIFS(E:E,$A:$A,$M29),IF(_xlpm.v=0,"",_xlpm.v)) | Q29: =_xlfn.LET(_xlpm.v,SUMIFS(F:F,$A:$A,$M29),IF(_xlpm.v=0,"",_xlpm.v)) | R29: =_xlfn.LET(_xlpm.v,SUMIFS(G:G,$A:$A,$M29),IF(_xlpm.v=0,"",_xlpm.v)) | S29: =_xlfn.LET(_xlpm.v,SUMIFS(H:H,$A:$A,$M29),IF(_xlpm.v=0,"",_xlpm.v)) | T29: =_xlfn.LET(_xlpm.v,SUMIFS(I:I,$A:$A,$M29),IF(_xlpm.v=0,"",_xlpm.v)) | U29: =_xlfn.LET(_xlpm.v,SUMIFS(J:J,$A:$A,$M29),IF(_xlpm.v=0,"",_xlpm.v)) | V29: =_xlfn.LET(_xlpm.v,SUMIFS(K:K,$A:$A,$M29),IF(_xlpm.v=0,"",_xlpm.v))
A30: =TEXT(B30,"yyyy") & "-T" & TEXT(MONTH(B30),"00") -> 2026-T03 | B30: 46090 | C30: =COUNTIFS(INDIRECT(C$1 & "!$G$6:$G$1000"),$B30) -> 0 | D30: =COUNTIFS(INDIRECT(D$1 & "!$G$6:$G$1000"),$B30) -> 1 | E30: =COUNTIFS(INDIRECT(E$1 & "!$G$6:$G$1000"),$B30) -> 0 | F30: =COUNTIFS(INDIRECT(F$1 & "!$G$6:$G$1000"),$B30) -> 0 | G30: =COUNTIFS(INDIRECT(G$1 & "!$G$6:$G$1000"),$B30) -> 0 | H30: =COUNTIFS(INDIRECT(H$1 & "!$G$6:$G$1000"),$B30) -> 0 | I30: =COUNTIFS(INDIRECT(I$1 & "!$G$6:$G$1000"),$B30) -> 0 | J30: =COUNTIFS(INDIRECT(J$1 & "!$G$6:$G$1000"),$B30) -> 0 | K30: =COUNTIFS(INDIRECT(K$1 & "!$G$6:$G$1000"),$B30) -> 0 | N30: =_xlfn.LET(_xlpm.v,SUMIFS(C:C,$A:$A,$M30),IF(_xlpm.v=0,"",_xlpm.v)) | O30: =_xlfn.LET(_xlpm.v,SUMIFS(D:D,$A:$A,$M30),IF(_xlpm.v=0,"",_xlpm.v)) | P30: =_xlfn.LET(_xlpm.v,SUMIFS(E:E,$A:$A,$M30),IF(_xlpm.v=0,"",_xlpm.v)) | Q30: =_xlfn.LET(_xlpm.v,SUMIFS(F:F,$A:$A,$M30),IF(_xlpm.v=0,"",_xlpm.v)) | R30: =_xlfn.LET(_xlpm.v,SUMIFS(G:G,$A:$A,$M30),IF(_xlpm.v=0,"",_xlpm.v)) | S30: =_xlfn.LET(_xlpm.v,SUMIFS(H:H,$A:$A,$M30),IF(_xlpm.v=0,"",_xlpm.v)) | T30: =_xlfn.LET(_xlpm.v,SUMIFS(I:I,$A:$A,$M30),IF(_xlpm.v=0,"",_xlpm.v)) | U30: =_xlfn.LET(_xlpm.v,SUMIFS(J:J,$A:$A,$M30),IF(_xlpm.v=0,"",_xlpm.v)) | V30: =_xlfn.LET(_xlpm.v,SUMIFS(K:K,$A:$A,$M30),IF(_xlpm.v=0,"",_xlpm.v))
A31: =TEXT(B31,"yyyy") & "-T" & TEXT(MONTH(B31),"00") -> 2026-T03 | B31: 46091 | C31: =COUNTIFS(INDIRECT(C$1 & "!$G$6:$G$1000"),$B31) -> 2 | D31: =COUNTIFS(INDIRECT(D$1 & "!$G$6:$G$1000"),$B31) -> 0 | E31: =COUNTIFS(INDIRECT(E$1 & "!$G$6:$G$1000"),$B31) -> 0 | F31: =COUNTIFS(INDIRECT(F$1 & "!$G$6:$G$1000"),$B31) -> 0 | G31: =COUNTIFS(INDIRECT(G$1 & "!$G$6:$G$1000"),$B31) -> 0 | H31: =COUNTIFS(INDIRECT(H$1 & "!$G$6:$G$1000"),$B31) -> 0 | I31: =COUNTIFS(INDIRECT(I$1 & "!$G$6:$G$1000"),$B31) -> 0 | J31: =COUNTIFS(INDIRECT(J$1 & "!$G$6:$G$1000"),$B31) -> 0 | K31: =COUNTIFS(INDIRECT(K$1 & "!$G$6:$G$1000"),$B31) -> 0
A32: =TEXT(B32,"yyyy") & "-T" & TEXT(MONTH(B32),"00") -> 2026-T03 | B32: 46092 | C32: =COUNTIFS(INDIRECT(C$1 & "!$G$6:$G$1000"),$B32) -> 0 | D32: =COUNTIFS(INDIRECT(D$1 & "!$G$6:$G$1000"),$B32) -> 2 | E32: =COUNTIFS(INDIRECT(E$1 & "!$G$6:$G$1000"),$B32) -> 0 | F32: =COUNTIFS(INDIRECT(F$1 & "!$G$6:$G$1000"),$B32) -> 0 | G32: =COUNTIFS(INDIRECT(G$1 & "!$G$6:$G$1000"),$B32) -> 0 | H32: =COUNTIFS(INDIRECT(H$1 & "!$G$6:$G$1000"),$B32) -> 0 | I32: =COUNTIFS(INDIRECT(I$1 & "!$G$6:$G$1000"),$B32) -> 0 | J32: =COUNTIFS(INDIRECT(J$1 & "!$G$6:$G$1000"),$B32) -> 0 | K32: =COUNTIFS(INDIRECT(K$1 & "!$G$6:$G$1000"),$B32) -> 0
A33: =TEXT(B33,"yyyy") & "-T" & TEXT(MONTH(B33),"00") -> 2026-T03 | B33: 46096 | C33: =COUNTIFS(INDIRECT(C$1 & "!$G$6:$G$1000"),$B33) -> 0 | D33: =COUNTIFS(INDIRECT(D$1 & "!$G$6:$G$1000"),$B33) -> 0 | E33: =COUNTIFS(INDIRECT(E$1 & "!$G$6:$G$1000"),$B33) -> 0 | F33: =COUNTIFS(INDIRECT(F$1 & "!$G$6:$G$1000"),$B33) -> 0 | G33: =COUNTIFS(INDIRECT(G$1 & "!$G$6:$G$1000"),$B33) -> 0 | H33: =COUNTIFS(INDIRECT(H$1 & "!$G$6:$G$1000"),$B33) -> 4 | I33: =COUNTIFS(INDIRECT(I$1 & "!$G$6:$G$1000"),$B33) -> 0 | J33: =COUNTIFS(INDIRECT(J$1 & "!$G$6:$G$1000"),$B33) -> 0 | K33: =COUNTIFS(INDIRECT(K$1 & "!$G$6:$G$1000"),$B33) -> 0
A34: =TEXT(B34,"yyyy") & "-T" & TEXT(MONTH(B34),"00") -> 2026-T03 | B34: 46098 | C34: =COUNTIFS(INDIRECT(C$1 & "!$G$6:$G$1000"),$B34) -> 0 | D34: =COUNTIFS(INDIRECT(D$1 & "!$G$6:$G$1000"),$B34) -> 0 | E34: =COUNTIFS(INDIRECT(E$1 & "!$G$6:$G$1000"),$B34) -> 1 | F34: =COUNTIFS(INDIRECT(F$1 & "!$G$6:$G$1000"),$B34) -> 0 | G34: =COUNTIFS(INDIRECT(G$1 & "!$G$6:$G$1000"),$B34) -> 0 | H34: =COUNTIFS(INDIRECT(H$1 & "!$G$6:$G$1000"),$B34) -> 0 | I34: =COUNTIFS(INDIRECT(I$1 & "!$G$6:$G$1000"),$B34) -> 0 | J34: =COUNTIFS(INDIRECT(J$1 & "!$G$6:$G$1000"),$B34) -> 0 | K34: =COUNTIFS(INDIRECT(K$1 & "!$G$6:$G$1000"),$B34) -> 1
A35: =TEXT(B35,"yyyy") & "-T" & TEXT(MONTH(B35),"00") -> 2026-T03 | B35: 46099 | C35: =COUNTIFS(INDIRECT(C$1 & "!$G$6:$G$1000"),$B35) -> 0 | D35: =COUNTIFS(INDIRECT(D$1 & "!$G$6:$G$1000"),$B35) -> 0 | E35: =COUNTIFS(INDIRECT(E$1 & "!$G$6:$G$1000"),$B35) -> 0 | F35: =COUNTIFS(INDIRECT(F$1 & "!$G$6:$G$1000"),$B35) -> 0 | G35: =COUNTIFS(INDIRECT(G$1 & "!$G$6:$G$1000"),$B35) -> 1 | H35: =COUNTIFS(INDIRECT(H$1 & "!$G$6:$G$1000"),$B35) -> 0 | I35: =COUNTIFS(INDIRECT(I$1 & "!$G$6:$G$1000"),$B35) -> 0 | J35: =COUNTIFS(INDIRECT(J$1 & "!$G$6:$G$1000"),$B35) -> 0 | K35: =COUNTIFS(INDIRECT(K$1 & "!$G$6:$G$1000"),$B35) -> 0
A36: =TEXT(B36,"yyyy") & "-T" & TEXT(MONTH(B36),"00") -> 2026-T03 | B36: 46100 | C36: =COUNTIFS(INDIRECT(C$1 & "!$G$6:$G$1000"),$B36) -> 0 | D36: =COUNTIFS(INDIRECT(D$1 & "!$G$6:$G$1000"),$B36) -> 1 | E36: =COUNTIFS(INDIRECT(E$1 & "!$G$6:$G$1000"),$B36) -> 0 | F36: =COUNTIFS(INDIRECT(F$1 & "!$G$6:$G$1000"),$B36) -> 0 | G36: =COUNTIFS(INDIRECT(G$1 & "!$G$6:$G$1000"),$B36) -> 0 | H36: =COUNTIFS(INDIRECT(H$1 & "!$G$6:$G$1000"),$B36) -> 0 | I36: =COUNTIFS(INDIRECT(I$1 & "!$G$6:$G$1000"),$B36) -> 0 | J36: =COUNTIFS(INDIRECT(J$1 & "!$G$6:$G$1000"),$B36) -> 0 | K36: =COUNTIFS(INDIRECT(K$1 & "!$G$6:$G$1000"),$B36) -> 0
A37: =TEXT(B37,"yyyy") & "-T" & TEXT(MONTH(B37),"00") -> 2026-T03 | B37: 46101 | C37: =COUNTIFS(INDIRECT(C$1 & "!$G$6:$G$1000"),$B37) -> 0 | D37: =COUNTIFS(INDIRECT(D$1 & "!$G$6:$G$1000"),$B37) -> 0 | E37: =COUNTIFS(INDIRECT(E$1 & "!$G$6:$G$1000"),$B37) -> 0 | F37: =COUNTIFS(INDIRECT(F$1 & "!$G$6:$G$1000"),$B37) -> 0 | G37: =COUNTIFS(INDIRECT(G$1 & "!$G$6:$G$1000"),$B37) -> 5 | H37: =COUNTIFS(INDIRECT(H$1 & "!$G$6:$G$1000"),$B37) -> 0 | I37: =COUNTIFS(INDIRECT(I$1 & "!$G$6:$G$1000"),$B37) -> 0 | J37: =COUNTIFS(INDIRECT(J$1 & "!$G$6:$G$1000"),$B37) -> 0 | K37: =COUNTIFS(INDIRECT(K$1 & "!$G$6:$G$1000"),$B37) -> 0
A38: =TEXT(B38,"yyyy") & "-T" & TEXT(MONTH(B38),"00") -> 2026-T03 | B38: 46105 | C38: =COUNTIFS(INDIRECT(C$1 & "!$G$6:$G$1000"),$B38) -> 0 | D38: =COUNTIFS(INDIRECT(D$1 & "!$G$6:$G$1000"),$B38) -> 2 | E38: =COUNTIFS(INDIRECT(E$1 & "!$G$6:$G$1000"),$B38) -> 0 | F38: =COUNTIFS(INDIRECT(F$1 & "!$G$6:$G$1000"),$B38) -> 0 | G38: =COUNTIFS(INDIRECT(G$1 & "!$G$6:$G$1000"),$B38) -> 0 | H38: =COUNTIFS(INDIRECT(H$1 & "!$G$6:$G$1000"),$B38) -> 0 | I38: =COUNTIFS(INDIRECT(I$1 & "!$G$6:$G$1000"),$B38) -> 0 | J38: =COUNTIFS(INDIRECT(J$1 & "!$G$6:$G$1000"),$B38) -> 0 | K38: =COUNTIFS(INDIRECT(K$1 & "!$G$6:$G$1000"),$B38) -> 0
A39: =TEXT(B39,"yyyy") & "-T" & TEXT(MONTH(B39),"00") -> 2026-T03 | B39: 46106 | C39: =COUNTIFS(INDIRECT(C$1 & "!$G$6:$G$1000"),$B39) -> 0 | D39: =COUNTIFS(INDIRECT(D$1 & "!$G$6:$G$1000"),$B39) -> 0 | E39: =COUNTIFS(INDIRECT(E$1 & "!$G$6:$G$1000"),$B39) -> 0 | F39: =COUNTIFS(INDIRECT(F$1 & "!$G$6:$G$1000"),$B39) -> 0 | G39: =COUNTIFS(INDIRECT(G$1 & "!$G$6:$G$1000"),$B39) -> 1 | H39: =COUNTIFS(INDIRECT(H$1 & "!$G$6:$G$1000"),$B39) -> 0 | I39: =COUNTIFS(INDIRECT(I$1 & "!$G$6:$G$1000"),$B39) -> 0 | J39: =COUNTIFS(INDIRECT(J$1 & "!$G$6:$G$1000"),$B39) -> 0 | K39: =COUNTIFS(INDIRECT(K$1 & "!$G$6:$G$1000"),$B39) -> 0
A40: =TEXT(B40,"yyyy") & "-T" & TEXT(MONTH(B40),"00") -> 2026-T03 | B40: 46108 | C40: =COUNTIFS(INDIRECT(C$1 & "!$G$6:$G$1000"),$B40) -> 0 | D40: =COUNTIFS(INDIRECT(D$1 & "!$G$6:$G$1000"),$B40) -> 0 | E40: =COUNTIFS(INDIRECT(E$1 & "!$G$6:$G$1000"),$B40) -> 2 | F40: =COUNTIFS(INDIRECT(F$1 & "!$G$6:$G$1000"),$B40) -> 0 | G40: =COUNTIFS(INDIRECT(G$1 & "!$G$6:$G$1000"),$B40) -> 0 | H40: =COUNTIFS(INDIRECT(H$1 & "!$G$6:$G$1000"),$B40) -> 0 | I40: =COUNTIFS(INDIRECT(I$1 & "!$G$6:$G$1000"),$B40) -> 0 | J40: =COUNTIFS(INDIRECT(J$1 & "!$G$6:$G$1000"),$B40) -> 0 | K40: =COUNTIFS(INDIRECT(K$1 & "!$G$6:$G$1000"),$B40) -> 0
A41: =TEXT(B41,"yyyy") & "-T" & TEXT(MONTH(B41),"00") -> 2026-T03 | B41: 46111 | C41: =COUNTIFS(INDIRECT(C$1 & "!$G$6:$G$1000"),$B41) -> 0 | D41: =COUNTIFS(INDIRECT(D$1 & "!$G$6:$G$1000"),$B41) -> 1 | E41: =COUNTIFS(INDIRECT(E$1 & "!$G$6:$G$1000"),$B41) -> 1 | F41: =COUNTIFS(INDIRECT(F$1 & "!$G$6:$G$1000"),$B41) -> 0 | G41: =COUNTIFS(INDIRECT(G$1 & "!$G$6:$G$1000"),$B41) -> 0 | H41: =COUNTIFS(INDIRECT(H$1 & "!$G$6:$G$1000"),$B41) -> 0 | I41: =COUNTIFS(INDIRECT(I$1 & "!$G$6:$G$1000"),$B41) -> 0 | J41: =COUNTIFS(INDIRECT(J$1 & "!$G$6:$G$1000"),$B41) -> 0 | K41: =COUNTIFS(INDIRECT(K$1 & "!$G$6:$G$1000"),$B41) -> 0
A42: =TEXT(B42,"yyyy") & "-T" & TEXT(MONTH(B42),"00") -> 2026-T03 | B42: 46112 | C42: =COUNTIFS(INDIRECT(C$1 & "!$G$6:$G$1000"),$B42) -> 0 | D42: =COUNTIFS(INDIRECT(D$1 & "!$G$6:$G$1000"),$B42) -> 0 | E42: =COUNTIFS(INDIRECT(E$1 & "!$G$6:$G$1000"),$B42) -> 0 | F42: =COUNTIFS(INDIRECT(F$1 & "!$G$6:$G$1000"),$B42) -> 1 | G42: =COUNTIFS(INDIRECT(G$1 & "!$G$6:$G$1000"),$B42) -> 0 | H42: =COUNTIFS(INDIRECT(H$1 & "!$G$6:$G$1000"),$B42) -> 0 | I42: =COUNTIFS(INDIRECT(I$1 & "!$G$6:$G$1000"),$B42) -> 0 | J42: =COUNTIFS(INDIRECT(J$1 & "!$G$6:$G$1000"),$B42) -> 0 | K42: =COUNTIFS(INDIRECT(K$1 & "!$G$6:$G$1000"),$B42) -> 0
... A87: =TEXT(B87,"yyyy") & "-T" & TEXT(MONTH(B87),"00") -> 2026-T06 | B87: 46183 | C87: =COUNTIFS(INDIRECT(C$1 & "!$G$6:$G$1000"),$B87) -> 2 | D87: =COUNTIFS(INDIRECT(D$1 & "!$G$6:$G$1000"),$B87) -> 0 | E87: =COUNTIFS(INDIRECT(E$1 & "!$G$6:$G$1000"),$B87) -> 0 | F87: =COUNTIFS(INDIRECT(F$1 & "!$G$6:$G$1000"),$B87) -> 0 | G87: =COUNTIFS(INDIRECT(G$1 & "!$G$6:$G$1000"),$B87) -> 0 | H87: =COUNTIFS(INDIRECT(H$1 & "!$G$6:$G$1000"),$B87) -> 0 | I87: =COUNTIFS(INDIRECT(I$1 & "!$G$6:$G$1000"),$B87) -> 0 | J87: =COUNTIFS(INDIRECT(J$1 & "!$G$6:$G$1000"),$B87) -> 0 | K87: =COUNTIFS(INDIRECT(K$1 & "!$G$6:$G$1000"),$B87) -> 0

Sheet Cert_Matrix
A1: CERTIFICATION MATRIX | N1: [X] = Bắt buộc phải được cấp chứng nhận vận hành
A2: Date update: 05/02/2026 | N2: [Ô trống] = Không yêu cầu chứng nhận an toàn
A4: BỘ PHẬN | B4: CUTTING | L4: GOLF ROLLING | X4: GOLF FINISHING | AH4: GOLF BUFFING | AR4: GOLF DIPPING | AZ4: GOLF GRAPHICS | BI4: ARROW BLANK | BZ4: ARROW GRAPHICS | CE4: KAYAK | CV4: QC | DT4: CHUNG
A5: HẠNG MỤC ĐÀO TẠO /VỊ TRÍ CÔNG VIỆC | B5: Máy Sheet 45° | C5: Máy Sheet 90° | D5: Máy Sheet 135° | E5: Xe Nâng Prepreg | F5: Máy Shear | G5: Máy Die Cut | H5: Splicing | I5: Máy Inkjet | J5: Máy Ép Hashima | K5: Máy Hút Chân Không | L5: Bàn Nhiệt | M5: Máy CDI | N5: Máy Revo | O5: Máy Auto Rolling | P5: Máy Cello Ngang | Q5: Máy Cello Đứng | R5: Máy Rút Dây Cello | S5: Máy Rút Mandrel | T5: Máy Rửa Mandrel | U5: Máy Đo/Uốn Thẳng Mandrel | V5: Lò Sấy | W5: Máy Khắc Laser | X5: Máy Dual Saw | Y5: Máy Đo OD | Z5: Máy Soi Đầu TIP | AA5: Máy Mài Đánh Bóng | AB5: Auto Sanding | AC5: Máy Rửa - Sấy Tự Động | AD5: Máy Paragon | AE5: Máy Khắc Laser | AF5: Máy Frequency | AG5: Máy/Bảng Đo Ortho Flex | AH5: Máy Rửa - Sấy Tự Động | AI5: Máy Bom Áp Lực | AJ5: Máy Mài Đánh Bóng | AK5: Máy Tip - Blast | AL5: Máy Đánh Bóng | AM5: Máy Scrap Shaft | AN5: Máy Bắn Cát | AO5: Máy Đo OD | AP5: Cân Weight | AQ5: Máy Straightness | AR5: Máy Lắc Sơn | AS5: Máy/Kệ Khuấy Sơn | AT5: Máy Phun Sơn Tự động | AU5: Máy Rửa Mắt Đứng/ Vòi Tắm Khẩn Cấp | AV5: Máy Auto Dipping | AW5: Lò Sấy | AX5: Máy Scrap Shaft | AY5: Máy Bắn Cát | AZ5: Máy Decal | BA5: Máy In Lụa | BB5: Băng Tải | BC5: Lò Sấy | BD5: Thước Đo Laser | BE5: Máy Khắc Laser | BF5: Máy Đo OD | BG5: Cân Weight | BH5: Máy Straightness | BI5: Máy CDI | BJ5: Máy Revo | BK5: Bàn Nhiệt | BL5: Máy Cello Ngang | BM5: Sử Dụng Ống Tool | BN5: Lò Sấy | BO5: Lò Sấy Nhỏ | BP5: Máy Rút Dây Cello | BQ5: Máy Rút Mandrel | BR5: Máy Đo/Uốn Thẳng Mandrel | BS5: Máy Dual Saw | BT5: Máy Paragon | BU5: Máy Mài Đánh Bóng | BV5: Máy Khắc Laser | BW5: Máy Cắt (Apple) | BX5: Máy Đo Đầu Cong | BY5: Máy Xác Định Điểm Cong | BZ5: Máy Decal | CA5: Máy In Lụa | CB5: Lò Sấy | CC5: Máy Cắt | CD5: Máy Mài | CE5: Máy Sheet | CF5: Máy Shear | CG5: Xe Nâng Prepreg | CH5: Máy Die Cut | CI5: Máy ép Hashima | CJ5: Máy CDI | CK5: Máy Cello Ngang | CL5: Lò Sấy | CM5: Máy Rút Mandrel | CN5: Máy Cắt Đầu | CO5: Máy Cắt | CP5: Máy Rút Dây Cello | CQ5: Máy Paragon | CR5: Máy Mài Đánh Bóng | CS5: Máy Mài | CT5: Máy Đánh Bóng | CU5: Máy Phun Sơn Tự động | CV5: Máy Đo Độ Võng (SPINE) | CW5: Máy Tìm Điểm Cứng (SPINE FINDER) | CX5: Máy Kiểm Tra Độ Bền (PROOF LOAD) | CY5: Cân Weight Đơn (CG) | CZ5: Cân Weight Tự Động (CG) | DA5: Máy Đo Độ Cong (ZONE) | DB5: Máy Soi Đầu TIP - Apple | DC5: Máy Đo OD (Z-Mike) | DD5: Máy Đo Ortho Flex | DE5: Bảng Đo Ortho Flex | DF5: Máy Kiểm Tra Giao Động (FREQUENCY) | DG5: Máy Kiểm Tra Độ Gãy (BENDING TEST) | DH5: Máy Kiểm Tra Độ Xoắn (TORQUE) | DI5: Máy Auto Inspection Golf Shaft | DJ5: Máy Đo Độ Cong 3 Điểm | DK5: Máy Cắt Đầu Flex | DL5: Máy Đo HST Flex | DM5: Máy Kiểm Tra Độ Bền Sơn | DN5: Máy Kiểm Tra Độ Bền Sơn (RUBTEST) | DO5: Máy Kiểm Tra Độ Bền Sơn (FALLING SAND) | DP5: Máy Đo Mandrel | DQ5: Máy Kiểm Tra Giao Động (FREQUENCY) | DR5: Thước Đo Laser | DS5: Máy Đo OD KAYAK | DT5: Sử Dụng Vật Sắc Nhọn | DU5: Xử Lý Phân Loại Rác Thải
A6: Sheeting | B6: X | C6: X | D6: X | E6: X | DT6: X | DU6: X
A7: Shearing | F7: X | DT7: X | DU7: X
A8: Splicing | H8: X
A9: Lay Up | K9: X
A10: In Tem | I10: X
A11: Tack film | K11: X | DT11: X
A12: Auto Rolling | O12: X
A13: CDI Rolling | M13: X | DT13: X
A14: Revo Rolling | N14: X
A15: Cello Wapper | P15: X
A16: Rút Mandrel | S16: X | DT16: X
A17: Rút Cello | R17: X
A18: Rửa Mandrel | T18: X
A19: Sửa Mandrel | U19: X
A20: Oven Operator | V20: X | DT20: X
A21: Khắc Laser | W21: X
A22: Sanding | AA22: X
A23: Tip Grinding | AD23: X
A24: Polish | AC24: X | DT24: X
A25: Dual Saw | X25: X
A26: Frequency | AF26: X
A27: Rework | AA27: X
A28: Washing | AH28: X | DT28: X
A29: Rửa Cao Áp | AI29: X
A30: Buffing Operator | AJ30: X | DT30: X
A31: Tip Blast | AK31: X
A32: Shaft Wiper | DT32: X
A33: Cosmetic Repair | DT33: X
A34: Spray Operator | AT34: X
A35: Manual Dipper
A36: Auto Dipper | AV36: X
A37: Paint Mixer | AR37: X | AS37: X
A38: Oven Operator | AW38: X
A39: Printer | BA39: X | BB39: X
A40: Decal operator | AZ40: X
A41: Repeir Man
A42: Oven Operator | BC42: X
A43: Shaft Wiper
A44: Chọt Mandrel | BK44: X
A45: CDI Rolling | BI45: X
A46: Zigzag Rolling | BJ46: X
A47: Cello Wrapper | BL47: X
A48: Vào Tool | BM48: X
A49: Oven Operator | BN49: X
A50: Rút Mandrel | BQ50: X
A51: Sửa Mandrel | BR51: X
A52: Rút Cello | BP52: X
A53: Dual Saw | BS53: X
A54: Grinder Operator | BT54: X
A55: Tìm Điểm Cong | BX55: X
A56: Lên Mâm Rebent | BN56: X
A57: Khắc Laser | BV57: X
A58: Printer | CA58: X
A59: Decal operator | BZ59: X
A60: Ice Coater
A61: Oven Operator | CB61: X
A62: Trim/Mài | CC62: X | CD62: X
A63: Kayak Blank | CE63: X | CF63: X | CG63: X | CH63: X | CI63: X | CJ63: X | CK63: X | CL63: X | CM63: X | CN63: X | CO63: X | CP63: X | CQ63: X | CR63: X | CS63: X
A64: Kayak Decoration | CT64: X | CU64: X
A65: QC Arrow | CV65: X | CW65: X | CX65: X | CY65: X | CZ65: X | DA65: X | DB65: X | DC65: X
A66: QC Golf Blank | CY66: X | DC66: X | DD66: X | DE66: X | DF66: X | DG66: X | DH66: X | DI66: X | DJ66: X | DK66: X | DL66: X
A67: QC Golf Cosmetics | CY67: X | DC67: X | DM67: X | DN67: X | DO67: X | DP67: X | DQ67: X | DR67: X
A68: QC Kayak | DS68: X

Sheet G_Cutting
P1: Số (Form Code): ADL/F/EHS/022-04
A2: DANH SÁCH CHỨNG NHẬN VẬN HÀNH | P2: Lần hiệu chỉnh (Revision No.): 00
P3: Lần ban hành (Issuance No.): 01
P4: Ngày hiệu lực (Effective date): 01/04/2025
A5: STT | B5: MSNV | C5: HỌ TÊN | D5: CHỨC VỤ | E5: VỊ TRÍ CÔNG VIỆC | F5: BỘ PHẬN | G5: NGÀY ĐÁNH GIÁ | H5: HẠNG MỤC ĐÀO TẠO
H6: Máy Sheet 45° | I6: Máy Sheet 90° | J6: Máy Sheet 135° | K6: Xe Nâng Prepreg | L6: Máy Shear | M6: Máy Die Cut | N6: Splicing | O6: Máy Inkjet | P6: Máy Ép Hashima | Q6: Máy Hút Chân Không | R6: Sử Dụng Vật Sắc Nhọn | S6: Xử Lý Phân Loại Rác Thải | T6: HIỆN TRẠNG | U6: LÝ DO | V6: NGÀY DỰ KIẾN HOÀN THÀNH
A7: =ROWS($B$5:B5) -> 1 | B7: 5027 | C7: Trần Quốc Cường | D7: Manufacturing Supervisor | F7: Golf Cutting | H7: TRUE | I7: TRUE | J7: TRUE | K7: TRUE | L7: TRUE | M7: TRUE | N7: TRUE | O7: FALSE | P7: TRUE | Q7: TRUE | R7: TRUE | S7: TRUE | T7: {=IF(SUMPRODUCT((Cert_Matrix!$A$6:$A$11=E7)*(Cert_Matrix!$B$6:$K$11="X")*(H7:Q7=TRUE))<SUMPRODUCT((Cert_Matrix!$A$6:$A$11=E7)*(Cert_Matrix!$B$6:$K$11="X")),"Thiếu chứng nhận","Đủ điều kiện")} -> Đủ điều kiện
A8: =ROWS($B$5:B6) -> 2 | B8: 4259 | C8: Trần Văn Bình | D8: Manufacturing Supervisor | F8: Golf Cutting | H8: TRUE | I8: TRUE | J8: TRUE | K8: TRUE | L8: TRUE | M8: TRUE | N8: TRUE | O8: FALSE | P8: TRUE | Q8: TRUE | R8: TRUE | S8: TRUE | T8: {=IF(SUMPRODUCT((Cert_Matrix!$A$6:$A$11=E8)*(Cert_Matrix!$B$6:$K$11="X")*(H8:Q8=TRUE))<SUMPRODUCT((Cert_Matrix!$A$6:$A$11=E8)*(Cert_Matrix!$B$6:$K$11="X")),"Thiếu chứng nhận","Đủ điều kiện")} -> Đủ điều kiện
A9: =ROWS($B$5:B7) -> 3 | B9: 4638 | C9: Huỳnh Thị Mộng Kha | D9: Lay Up Assembler | E9: Lay Up | F9: Golf Cutting | H9: FALSE | I9: FALSE | J9: FALSE | K9: FALSE | L9: FALSE | M9: FALSE | N9: TRUE | O9: FALSE | P9: FALSE | Q9: TRUE | R9: TRUE | S9: FALSE | T9: {=IF(SUMPRODUCT((Cert_Matrix!$A$6:$A$11=E9)*(Cert_Matrix!$B$6:$K$11="X")*(H9:Q9=TRUE))<SUMPRODUCT((Cert_Matrix!$A$6:$A$11=E9)*(Cert_Matrix!$B$6:$K$11="X")),"Thiếu chứng nhận","Đủ điều kiện")} -> Đủ điều kiện
A10: =ROWS($B$5:B8) -> 4 | B10: 4535 | C10: Hoàng Văn Hòa | D10: Senior Worker | E10: Shearing | F10: Golf Cutting | H10: TRUE | I10: TRUE | J10: TRUE | K10: TRUE | L10: TRUE | M10: TRUE | N10: TRUE | O10: FALSE | P10: TRUE | Q10: TRUE | R10: TRUE | S10: FALSE | T10: {=IF(SUMPRODUCT((Cert_Matrix!$A$6:$A$11=E10)*(Cert_Matrix!$B$6:$K$11="X")*(H10:Q10=TRUE))<SUMPRODUCT((Cert_Matrix!$A$6:$A$11=E10)*(Cert_Matrix!$B$6:$K$11="X")),"Thiếu chứng nhận","Đủ điều kiện")} -> Đủ điều kiện
A11: =ROWS($B$5:B9) -> 5 | B11: 4999 | C11: Trương Vĩ Nhân | D11: Senior Worker | E11: Shearing | F11: Golf Cutting | G11: 46135 | H11: TRUE | I11: TRUE | J11: TRUE | K11: TRUE | L11: TRUE | M11: TRUE | N11: TRUE | O11: TRUE | P11: TRUE | Q11: TRUE | R11: TRUE | S11: TRUE | T11: {=IF(SUMPRODUCT((Cert_Matrix!$A$6:$A$11=E11)*(Cert_Matrix!$B$6:$K$11="X")*(H11:Q11=TRUE))<SUMPRODUCT((Cert_Matrix!$A$6:$A$11=E11)*(Cert_Matrix!$B$6:$K$11="X")),"Thiếu chứng nhận","Đủ điều kiện")} -> Đủ điều kiện
A12: =ROWS($B$5:B10) -> 6 | B12: 5032 | C12: Lâm Hoàng Phố | D12: Shear Operator A | E12: Shearing | F12: Golf Cutting | H12: TRUE | I12: TRUE | J12: TRUE | K12: TRUE | L12: TRUE | M12: FALSE | N12: TRUE | O12: FALSE | P12: FALSE | Q12: TRUE | R12: TRUE | S12: FALSE | T12: {=IF(SUMPRODUCT((Cert_Matrix!$A$6:$A$11=E12)*(Cert_Matrix!$B$6:$K$11="X")*(H12:Q12=TRUE))<SUMPRODUCT((Cert_Matrix!$A$6:$A$11=E12)*(Cert_Matrix!$B$6:$K$11="X")),"Thiếu chứng nhận","Đủ điều kiện")} -> Đủ điều kiện
A13: =ROWS($B$5:B11) -> 7 | B13: 4288 | C13: Trần Thị Thu Hương | D13: Lay Up Assembler | E13: Lay Up | F13: Golf Cutting | H13: FALSE | I13: FALSE | J13: FALSE | K13: FALSE | L13: FALSE | M13: FALSE | N13: TRUE | O13: FALSE | P13: FALSE | Q13: TRUE | R13: TRUE | S13: FALSE | T13: {=IF(SUMPRODUCT((Cert_Matrix!$A$6:$A$11=E13)*(Cert_Matrix!$B$6:$K$11="X")*(H13:Q13=TRUE))<SUMPRODUCT((Cert_Matrix!$A$6:$A$11=E13)*(Cert_Matrix!$B$6:$K$11="X")),"Thiếu chứng nhận","Đủ điều kiện")} -> Đủ điều kiện
A14: =ROWS($B$5:B12) -> 8 | B14: 2886 | C14: Võ Thị Mai Lắm | D14: Vacuum Table Operator | E14: Tack film | F14: Golf Cutting | H14: FALSE | I14: FALSE | J14: FALSE | K14: FALSE | L14: FALSE | M14: FALSE | N14: TRUE | O14: FALSE | P14: FALSE | Q14: TRUE | R14: TRUE | S14: FALSE | T14: {=IF(SUMPRODUCT((Cert_Matrix!$A$6:$A$11=E14)*(Cert_Matrix!$B$6:$K$11="X")*(H14:Q14=TRUE))<SUMPRODUCT((Cert_Matrix!$A$6:$A$11=E14)*(Cert_Matrix!$B$6:$K$11="X")),"Thiếu chứng nhận","Đủ điều kiện")} -> Đủ điều kiện
A15: =ROWS($B$5:B13) -> 9 | B15: 4518 | C15: Bùi Thanh Nho | D15: Zero/Angle Ply Sheeter B | E15: Sheeting | F15: Golf Cutting | H15: TRUE | I15: TRUE | J15: TRUE | K15: TRUE | L15: FALSE | M15: FALSE | N15: TRUE | O15: FALSE | P15: FALSE | Q15: FALSE | R15: TRUE | S15: FALSE | T15: {=IF(SUMPRODUCT((Cert_Matrix!$A$6:$A$11=E15)*(Cert_Matrix!$B$6:$K$11="X")*(H15:Q15=TRUE))<SUMPRODUCT((Cert_Matrix!$A$6:$A$11=E15)*(Cert_Matrix!$B$6:$K$11="X")),"Thiếu chứng nhận","Đủ điều kiện")} -> Đủ điều kiện
A16: =ROWS($B$5:B14) -> 10 | B16: 4860 | C16: Trần Thị Ngân Em | D16: Lay Up Assembler | E16: Lay Up | F16: Golf Cutting | H16: FALSE | I16: FALSE | J16: FALSE | K16: FALSE | L16: FALSE | M16: FALSE | N16: TRUE | O16: FALSE | P16: FALSE | Q16: TRUE | R16: TRUE | S16: FALSE | T16: {=IF(SUMPRODUCT((Cert_Matrix!$A$6:$A$11=E16)*(Cert_Matrix!$B$6:$K$11="X")*(H16:Q16=TRUE))<SUMPRODUCT((Cert_Matrix!$A$6:$A$11=E16)*(Cert_Matrix!$B$6:$K$11="X")),"Thiếu chứng nhận","Đủ điều kiện")} -> Đủ điều kiện
A17: =ROWS($B$5:B15) -> 11 | B17: 4859 | C17: La Phúc Lợi | D17: Shear Operator A | E17: Shearing | F17: Golf Cutting | H17: TRUE | I17: TRUE | J17: TRUE | K17: TRUE | L17: TRUE | M17: FALSE | N17: TRUE | O17: FALSE | P17: FALSE | Q17: TRUE | R17: TRUE | S17: FALSE | T17: {=IF(SUMPRODUCT((Cert_Matrix!$A$6:$A$11=E17)*(Cert_Matrix!$B$6:$K$11="X")*(H17:Q17=TRUE))<SUMPRODUCT((Cert_Matrix!$A$6:$A$11=E17)*(Cert_Matrix!$B$6:$K$11="X")),"Thiếu chứng nhận","Đủ điều kiện")} -> Đủ điều kiện
A18: =ROWS($B$5:B16) -> 12 | B18: 5109 | C18: Bùi Văn Luận | D18: Shear Operator B | E18: Shearing | F18: Golf Cutting | H18: FALSE | I18: FALSE | J18: FALSE | K18: FALSE | L18: TRUE | M18: FALSE | N18: TRUE | O18: FALSE | P18: FALSE | Q18: TRUE | R18: TRUE | S18: FALSE | T18: {=IF(SUMPRODUCT((Cert_Matrix!$A$6:$A$11=E18)*(Cert_Matrix!$B$6:$K$11="X")*(H18:Q18=TRUE))<SUMPRODUCT((Cert_Matrix!$A$6:$A$11=E18)*(Cert_Matrix!$B$6:$K$11="X")),"Thiếu chứng nhận","Đủ điều kiện")} -> Đủ điều kiện
A19: =ROWS($B$5:B17) -> 13 | B19: 5122 | C19: Võ Hoàng Tuấn | D19: Shear Operator B | E19: Shearing | F19: Golf Cutting | H19: FALSE | I19: FALSE | J19: FALSE | K19: FALSE | L19: TRUE | M19: FALSE | N19: TRUE | O19: FALSE | P19: FALSE | Q19: FALSE | R19: TRUE | S19: FALSE | T19: {=IF(SUMPRODUCT((Cert_Matrix!$A$6:$A$11=E19)*(Cert_Matrix!$B$6:$K$11="X")*(H19:Q19=TRUE))<SUMPRODUCT((Cert_Matrix!$A$6:$A$11=E19)*(Cert_Matrix!$B$6:$K$11="X")),"Thiếu chứng nhận","Đủ điều kiện")} -> Đủ điều kiện
A20: =ROWS($B$5:B18) -> 14 | B20: 4438 | C20: Trần Thị Thúy Duy | D20: Lay Up Assembler | E20: Lay Up | F20: Golf Cutting | H20: FALSE | I20: FALSE | J20: FALSE | K20: FALSE | L20: FALSE | M20: FALSE | N20: TRUE | O20: FALSE | P20: TRUE | Q20: TRUE | R20: TRUE | S20: FALSE | T20: {=IF(SUMPRODUCT((Cert_Matrix!$A$6:$A$11=E20)*(Cert_Matrix!$B$6:$K$11="X")*(H20:Q20=TRUE))<SUMPRODUCT((Cert_Matrix!$A$6:$A$11=E20)*(Cert_Matrix!$B$6:$K$11="X")),"Thiếu chứng nhận","Đủ điều kiện")} -> Đủ điều kiện
A21: =ROWS($B$5:B19) -> 15 | B21: 5139 | C21: Huỳnh Hoàng Hạnh Phúc | D21: Shear Operator B | E21: Shearing | F21: Golf Cutting | H21: FALSE | I21: FALSE | J21: FALSE | K21: FALSE | L21: TRUE | M21: FALSE | N21: TRUE | O21: FALSE | P21: FALSE | Q21: TRUE | R21: TRUE | S21: FALSE | T21: {=IF(SUMPRODUCT((Cert_Matrix!$A$6:$A$11=E21)*(Cert_Matrix!$B$6:$K$11="X")*(H21:Q21=TRUE))<SUMPRODUCT((Cert_Matrix!$A$6:$A$11=E21)*(Cert_Matrix!$B$6:$K$11="X")),"Thiếu chứng nhận","Đủ điều kiện")} -> Đủ điều kiện
A22: =ROWS($B$5:B20) -> 16 | B22: 5160 | C22: Nguyễn Tấn Hiếu | D22: Shear Operator A | E22: Shearing | F22: Golf Cutting | H22: TRUE | I22: TRUE | J22: TRUE | K22: TRUE | L22: TRUE | M22: FALSE | N22: TRUE | O22: FALSE | P22: FALSE | Q22: FALSE | R22: FALSE | S22: FALSE | T22: {=IF(SUMPRODUCT((Cert_Matrix!$A$6:$A$11=E22)*(Cert_Matrix!$B$6:$K$11="X")*(H22:Q22=TRUE))<SUMPRODUCT((Cert_Matrix!$A$6:$A$11=E22)*(Cert_Matrix!$B$6:$K$11="X")),"Thiếu chứng nhận","Đủ điều kiện")} -> Đủ điều kiện
A23: =ROWS($B$5:B21) -> 17 | B23: 5169 | C23: Lê Văn Lợi | D23: Shear Operator B | E23: Shearing | F23: Golf Cutting | H23: FALSE | I23: FALSE | J23: FALSE | K23: FALSE | L23: TRUE | M23: FALSE | N23: TRUE | O23: FALSE | P23: FALSE | Q23: FALSE | R23: TRUE | S23: FALSE | T23: {=IF(SUMPRODUCT((Cert_Matrix!$A$6:$A$11=E23)*(Cert_Matrix!$B$6:$K$11="X")*(H23:Q23=TRUE))<SUMPRODUCT((Cert_Matrix!$A$6:$A$11=E23)*(Cert_Matrix!$B$6:$K$11="X")),"Thiếu chứng nhận","Đủ điều kiện")} -> Đủ điều kiện
A24: =ROWS($B$5:B22) -> 18 | B24: 5209 | C24: Đỗ Văn Biền | D24: Shear Operator B | E24: Shearing | F24: Golf Cutting | G24: 46132 | H24: TRUE | I24: TRUE | J24: TRUE | K24: TRUE | L24: TRUE | M24: FALSE | N24: TRUE | O24: FALSE | P24: FALSE | Q24: TRUE | R24: TRUE | S24: TRUE | T24: {=IF(SUMPRODUCT((Cert_Matrix!$A$6:$A$11=E24)*(Cert_Matrix!$B$6:$K$11="X")*(H24:Q24=TRUE))<SUMPRODUCT((Cert_Matrix!$A$6:$A$11=E24)*(Cert_Matrix!$B$6:$K$11="X")),"Thiếu chứng nhận","Đủ điều kiện")} -> Đủ điều kiện
A25: =ROWS($B$5:B23) -> 19 | B25: 5214 | C25: Trần Thanh Tài | D25: Shear Operator B | E25: Shearing | F25: Golf Cutting | H25: TRUE | I25: TRUE | J25: TRUE | K25: TRUE | L25: TRUE | M25: FALSE | N25: TRUE | O25: FALSE | P25: FALSE | Q25: TRUE | R25: TRUE | S25: FALSE | T25: {=IF(SUMPRODUCT((Cert_Matrix!$A$6:$A$11=E25)*(Cert_Matrix!$B$6:$K$11="X")*(H25:Q25=TRUE))<SUMPRODUCT((Cert_Matrix!$A$6:$A$11=E25)*(Cert_Matrix!$B$6:$K$11="X")),"Thiếu chứng nhận","Đủ điều kiện")} -> Đủ điều kiện
A26: =ROWS($B$5:B24) -> 20 | B26: 2499 | C26: Nguyễn Thị Ngọc In | D26: Lay Up Assembler | E26: Lay Up | F26: Golf Cutting | H26: FALSE | I26: FALSE | J26: FALSE | K26: FALSE | L26: FALSE | M26: FALSE | N26: TRUE | O26: FALSE | P26: FALSE | Q26: TRUE | R26: TRUE | S26: FALSE | T26: {=IF(SUMPRODUCT((Cert_Matrix!$A$6:$A$11=E26)*(Cert_Matrix!$B$6:$K$11="X")*(H26:Q26=TRUE))<SUMPRODUCT((Cert_Matrix!$A$6:$A$11=E26)*(Cert_Matrix!$B$6:$K$11="X")),"Thiếu chứng nhận","Đủ điều kiện")} -> Đủ điều kiện
A27: =ROWS($B$5:B25) -> 21 | B27: 5232 | C27: Nguyễn Thị Thi | D27: Lay Up Assembler | E27: Lay Up | F27: Golf Cutting | H27: FALSE | I27: FALSE | J27: FALSE | K27: FALSE | L27: FALSE | M27: FALSE | N27: TRUE | O27: FALSE | P27: FALSE | Q27: TRUE | R27: TRUE | S27: FALSE | T27: {=IF(SUMPRODUCT((Cert_Matrix!$A$6:$A$11=E27)*(Cert_Matrix!$B$6:$K$11="X")*(H27:Q27=TRUE))<SUMPRODUCT((Cert_Matrix!$A$6:$A$11=E27)*(Cert_Matrix!$B$6:$K$11="X")),"Thiếu chứng nhận","Đủ điều kiện")} -> Đủ điều kiện
A28: =ROWS($B$5:B26) -> 22 | B28: 5241 | C28: Trần Thị Mỹ Duyên | D28: Lay Up Assembler | E28: Lay Up | F28: Golf Cutting | G28: 46137 | H28: FALSE | I28: FALSE | J28: FALSE | K28: FALSE | L28: FALSE | M28: FALSE | N28: TRUE | O28: FALSE | P28: FALSE | Q28: TRUE | R28: TRUE | S28: TRUE | T28: {=IF(SUMPRODUCT((Cert_Matrix!$A$6:$A$11=E28)*(Cert_Matrix!$B$6:$K$11="X")*(H28:Q28=TRUE))<SUMPRODUCT((Cert_Matrix!$A$6:$A$11=E28)*(Cert_Matrix!$B$6:$K$11="X")),"Thiếu chứng nhận","Đủ điều kiện")} -> Đủ điều kiện
A29: =ROWS($B$5:B27) -> 23 | B29: 5185 | C29: Hà Hoàng Sang | D29: Zero/Angle Ply Sheeter A | E29: Sheeting | F29: Golf Cutting | G29: 46129 | H29: TRUE | I29: TRUE | J29: TRUE | K29: TRUE | L29: TRUE | M29: FALSE | N29: TRUE | O29: FALSE | P29: FALSE | Q29: TRUE | R29: TRUE | S29: TRUE | T29: {=IF(SUMPRODUCT((Cert_Matrix!$A$6:$A$11=E29)*(Cert_Matrix!$B$6:$K$11="X")*(H29:Q29=TRUE))<SUMPRODUCT((Cert_Matrix!$A$6:$A$11=E29)*(Cert_Matrix!$B$6:$K$11="X")),"Thiếu chứng nhận","Đủ điều kiện")} -> Đủ điều kiện
A30: =ROWS($B$5:B28) -> 24 | B30: 5278 | C30: Phạm Ngọc Lâm | D30: Shear Operator B | E30: Shearing | F30: Golf Cutting | G30: 46001 | H30: TRUE | I30: TRUE | J30: TRUE | K30: TRUE | L30: TRUE | M30: FALSE | N30: TRUE | O30: FALSE | P30: FALSE | Q30: TRUE | R30: TRUE | S30: FALSE | T30: {=IF(SUMPRODUCT((Cert_Matrix!$A$6:$A$11=E30)*(Cert_Matrix!$B$6:$K$11="X")*(H30:Q30=TRUE))<SUMPRODUCT((Cert_Matrix!$A$6:$A$11=E30)*(Cert_Matrix!$B$6:$K$11="X")),"Thiếu chứng nhận","Đủ điều kiện")} -> Đủ điều kiện
A31: =ROWS($B$5:B29) -> 25 | B31: 5290 | C31: Trương Chí Công | D31: Shear Operator B | E31: Shearing | F31: Golf Cutting | G31: 46180 | H31: TRUE | I31: TRUE | J31: TRUE | K31: FALSE | L31: TRUE | M31: FALSE | N31: TRUE | O31: TRUE | P31: FALSE | Q31: FALSE | R31: FALSE | S31: FALSE | T31: {=IF(SUMPRODUCT((Cert_Matrix!$A$6:$A$11=E31)*(Cert_Matrix!$B$6:$K$11="X")*(H31:Q31=TRUE))<SUMPRODUCT((Cert_Matrix!$A$6:$A$11=E31)*(Cert_Matrix!$B$6:$K$11="X")),"Thiếu chứng nhận","Đủ điều kiện")} -> Đủ điều kiện
A32: =ROWS($B$5:B30) -> 26 | B32: 5298 | C32: Hà Quang Linh | D32: Shear Operator B | E32: Shearing | F32: Golf Cutting | G32: 46055 | H32: TRUE | I32: TRUE | J32: TRUE | K32: TRUE | L32: TRUE | M32: FALSE | N32: TRUE | O32: FALSE | P32: FALSE | Q32: TRUE | R32: TRUE | S32: TRUE | T32: {=IF(SUMPRODUCT((Cert_Matrix!$A$6:$A$11=E32)*(Cert_Matrix!$B$6:$K$11="X")*(H32:Q32=TRUE))<SUMPRODUCT((Cert_Matrix!$A$6:$A$11=E32)*(Cert_Matrix!$B$6:$K$11="X")),"Thiếu chứng nhận","Đủ điều kiện")} -> Đủ điều kiện
A33: =ROWS($B$5:B31) -> 27 | B33: 5356 | C33: Trương Quang Lộc | D33: Data Entry Staff | E33: Shearing | F33: Golf Cutting | H33: TRUE | I33: TRUE | J33: TRUE | K33: FALSE | L33: TRUE | M33: FALSE | N33: TRUE | O33: FALSE | P33: FALSE | Q33: TRUE | R33: FALSE | S33: FALSE | T33: {=IF(SUMPRODUCT((Cert_Matrix!$A$6:$A$11=E33)*(Cert_Matrix!$B$6:$K$11="X")*(H33:Q33=TRUE))<SUMPRODUCT((Cert_Matrix!$A$6:$A$11=E33)*(Cert_Matrix!$B$6:$K$11="X")),"Thiếu chứng nhận","Đủ điều kiện")} -> Đủ điều kiện
A34: =ROWS($B$5:B32) -> 28 | B34: 40576 | C34: Võ Thị Mỹ Tiên | D34: Production Helper | E34: Lay Up | F34: Golf Cutting | G34: 46001 | H34: FALSE | I34: FALSE | J34: FALSE | K34: FALSE | L34: FALSE | M34: FALSE | N34: FALSE | O34: FALSE | P34: FALSE | Q34: TRUE | R34: TRUE | S34: FALSE | T34: {=IF(SUMPRODUCT((Cert_Matrix!$A$6:$A$11=E34)*(Cert_Matrix!$B$6:$K$11="X")*(H34:Q34=TRUE))<SUMPRODUCT((Cert_Matrix!$A$6:$A$11=E34)*(Cert_Matrix!$B$6:$K$11="X")),"Thiếu chứng nhận","Đủ điều kiện")} -> Đủ điều kiện
A35: =ROWS($B$5:B33) -> 29 | B35: 40577 | C35: Trương Thị Mỹ Duyên | D35: Production Helper | E35: Lay Up | F35: Golf Cutting | H35: FALSE | I35: FALSE | J35: FALSE | K35: FALSE | L35: FALSE | M35: FALSE | N35: TRUE | O35: FALSE | P35: FALSE | Q35: TRUE | R35: TRUE | S35: FALSE | T35: {=IF(SUMPRODUCT((Cert_Matrix!$A$6:$A$11=E35)*(Cert_Matrix!$B$6:$K$11="X")*(H35:Q35=TRUE))<SUMPRODUCT((Cert_Matrix!$A$6:$A$11=E35)*(Cert_Matrix!$B$6:$K$11="X")),"Thiếu chứng nhận","Đủ điều kiện")} -> Đủ điều kiện
A36: =ROWS($B$5:B34) -> 30 | B36: 40361 | C36: Nguyễn Triết Lễ | D36: Production Helper | E36: Splicing | F36: Golf Cutting | H36: FALSE | I36: FALSE | J36: FALSE | K36: FALSE | L36: FALSE | M36: FALSE | N36: TRUE | O36: FALSE | P36: FALSE | Q36: TRUE | R36: TRUE | S36: FALSE | T36: {=IF(SUMPRODUCT((Cert_Matrix!$A$6:$A$11=E36)*(Cert_Matrix!$B$6:$K$11="X")*(H36:Q36=TRUE))<SUMPRODUCT((Cert_Matrix!$A$6:$A$11=E36)*(Cert_Matrix!$B$6:$K$11="X")),"Thiếu chứng nhận","Đủ điều kiện")} -> Đủ điều kiện
A37: =ROWS($B$5:B35) -> 31 | B37: 40263 | C37: Phạm Thị Ngọc | D37: Production Helper | E37: Lay Up | F37: Golf Cutting | G37: 46001 | H37: FALSE | I37: FALSE | J37: FALSE | K37: FALSE | L37: FALSE | M37: FALSE | N37: TRUE | O37: FALSE | P37: FALSE | Q37: TRUE | R37: FALSE | S37: FALSE | T37: {=IF(SUMPRODUCT((Cert_Matrix!$A$6:$A$11=E37)*(Cert_Matrix!$B$6:$K$11="X")*(H37:Q37=TRUE))<SUMPRODUCT((Cert_Matrix!$A$6:$A$11=E37)*(Cert_Matrix!$B$6:$K$11="X")),"Thiếu chứng nhận","Đủ điều kiện")} -> Đủ điều kiện
A38: =ROWS($B$5:B36) -> 32 | B38: 40317 | C38: Hà Quang Hoàng | D38: Production Helper | E38: Sheeting | F38: Golf Cutting | G38: 46114 | H38: TRUE | I38: TRUE | J38: TRUE | K38: TRUE | L38: FALSE | M38: FALSE | N38: TRUE | O38: FALSE | P38: FALSE | Q38: TRUE | R38: TRUE | S38: TRUE | T38: {=IF(SUMPRODUCT((Cert_Matrix!$A$6:$A$11=E38)*(Cert_Matrix!$B$6:$K$11="X")*(H38:Q38=TRUE))<SUMPRODUCT((Cert_Matrix!$A$6:$A$11=E38)*(Cert_Matrix!$B$6:$K$11="X")),"Thiếu chứng nhận","Đủ điều kiện")} -> Đủ điều kiện
A39: =ROWS($B$5:B37) -> 33 | B39: 40633 | C39: Dương Thị Tuyết | D39: Production Helper | E39: Lay Up | F39: Golf Cutting | G39: 45979 | H39: FALSE | I39: FALSE | J39: FALSE | K39: FALSE | L39: FALSE | M39: FALSE | N39: TRUE | O39: FALSE | P39: FALSE | Q39: TRUE | R39: FALSE | S39: FALSE | T39: {=IF(SUMPRODUCT((Cert_Matrix!$A$6:$A$11=E39)*(Cert_Matrix!$B$6:$K$11="X")*(H39:Q39=TRUE))<SUMPRODUCT((Cert_Matrix!$A$6:$A$11=E39)*(Cert_Matrix!$B$6:$K$11="X")),"Thiếu chứng nhận","Đủ điều kiện")} -> Đủ điều kiện
A40: =ROWS($B$5:B38) -> 34 | B40: 40575 | C40: Đỗ Hằng Tiểu Ny | D40: Production Helper | E40: Tack film | F40: Golf Cutting | G40: 46001 | H40: FALSE | I40: FALSE | J40: FALSE | K40: FALSE | L40: FALSE | M40: FALSE | N40: TRUE | O40: FALSE | P40: FALSE | Q40: TRUE | R40: FALSE | S40: FALSE | T40: {=IF(SUMPRODUCT((Cert_Matrix!$A$6:$A$11=E40)*(Cert_Matrix!$B$6:$K$11="X")*(H40:Q40=TRUE))<SUMPRODUCT((Cert_Matrix!$A$6:$A$11=E40)*(Cert_Matrix!$B$6:$K$11="X")),"Thiếu chứng nhận","Đủ điều kiện")} -> Đủ điều kiện
A41: =ROWS($B$5:B39) -> 35 | B41: 40632 | C41: Trần Thanh Tài | D41: Production Helper | E41: Splicing | F41: Golf Cutting | G41: 46129 | H41: FALSE | I41: FALSE | J41: FALSE | K41: FALSE | L41: FALSE | M41: FALSE | N41: TRUE | O41: FALSE | P41: FALSE | Q41: TRUE | R41: TRUE | S41: TRUE | T41: {=IF(SUMPRODUCT((Cert_Matrix!$A$6:$A$11=E41)*(Cert_Matrix!$B$6:$K$11="X")*(H41:Q41=TRUE))<SUMPRODUCT((Cert_Matrix!$A$6:$A$11=E41)*(Cert_Matrix!$B$6:$K$11="X")),"Thiếu chứng nhận","Đủ điều kiện")} -> Đủ điều kiện
A42: =ROWS($B$5:B40) -> 36 | B42: 40401 | C42: Trần Minh Tâm | D42: Production Helper | E42: Sheeting | F42: Golf Cutting | G42: 46120 | H42: TRUE | I42: TRUE | J42: TRUE | K42: TRUE | L42: FALSE | M42: FALSE | N42: TRUE | O42: FALSE | P42: FALSE | Q42: FALSE | R42: TRUE | S42: TRUE | T42: {=IF(SUMPRODUCT((Cert_Matrix!$A$6:$A$11=E42)*(Cert_Matrix!$B$6:$K$11="X")*(H42:Q42=TRUE))<SUMPRODUCT((Cert_Matrix!$A$6:$A$11=E42)*(Cert_Matrix!$B$6:$K$11="X")),"Thiếu chứng nhận","Đủ điều kiện")} -> Đủ điều kiện
A43: =ROWS($B$5:B41) -> 37 | B43: 40464 | C43: Lê Thị Kim Hằng | D43: Production Helper | E43: Lay Up | F43: Golf Cutting | G43: 46091 | H43: FALSE | I43: FALSE | J43: FALSE | K43: FALSE | L43: FALSE | M43: FALSE | N43: TRUE | O43: FALSE | P43: FALSE | Q43: TRUE | R43: TRUE | S43: TRUE | T43: {=IF(SUMPRODUCT((Cert_Matrix!$A$6:$A$11=E43)*(Cert_Matrix!$B$6:$K$11="X")*(H43:Q43=TRUE))<SUMPRODUCT((Cert_Matrix!$A$6:$A$11=E43)*(Cert_Matrix!$B$6:$K$11="X")),"Thiếu chứng nhận","Đủ điều kiện")} -> Đủ điều kiện
A44: =ROWS($B$5:B42) -> 38 | B44: 40483 | C44: Nguyễn Văn Tiến Đạt | D44: Production Helper | E44: Sheeting | F44: Golf Cutting | G44: 46091 | H44: TRUE | I44: TRUE | J44: TRUE | K44: TRUE | L44: FALSE | M44: FALSE | N44: TRUE | O44: FALSE | P44: FALSE | Q44: TRUE | R44: TRUE | S44: TRUE | T44: {=IF(SUMPRODUCT((Cert_Matrix!$A$6:$A$11=E44)*(Cert_Matrix!$B$6:$K$11="X")*(H44:Q44=TRUE))<SUMPRODUCT((Cert_Matrix!$A$6:$A$11=E44)*(Cert_Matrix!$B$6:$K$11="X")),"Thiếu chứng nhận","Đủ điều kiện")} -> Đủ điều kiện
A45: =ROWS($B$5:B43) -> 39 | B45: 40527 | C45: Võ Quốc Việt | D45: Production Helper | E45: Splicing | F45: Golf Cutting | G45: 46144 | H45: TRUE | I45: TRUE | J45: TRUE | K45: TRUE | L45: FALSE | M45: FALSE | N45: TRUE | O45: FALSE | P45: FALSE | Q45: TRUE | R45: TRUE | S45: TRUE | T45: {=IF(SUMPRODUCT((Cert_Matrix!$A$6:$A$11=E45)*(Cert_Matrix!$B$6:$K$11="X")*(H45:Q45=TRUE))<SUMPRODUCT((Cert_Matrix!$A$6:$A$11=E45)*(Cert_Matrix!$B$6:$K$11="X")),"Thiếu chứng nhận","Đủ điều kiện")} -> Đủ điều kiện
A46: =ROWS($B$5:B44) -> 40 | B46: 40536 | C46: Đoàn Mỹ Kiều | D46: Production Helper | E46: Splicing | F46: Golf Cutting | G46: 46120 | H46: FALSE | I46: FALSE | J46: FALSE | K46: FALSE | L46: FALSE | M46: FALSE | N46: TRUE | O46: FALSE | P46: FALSE | Q46: TRUE | R46: TRUE | S46: FALSE | T46: {=IF(SUMPRODUCT((Cert_Matrix!$A$6:$A$11=E46)*(Cert_Matrix!$B$6:$K$11="X")*(H46:Q46=TRUE))<SUMPRODUCT((Cert_Matrix!$A$6:$A$11=E46)*(Cert_Matrix!$B$6:$K$11="X")),"Thiếu chứng nhận","Đủ điều kiện")} -> Đủ điều kiện
A47: =ROWS($B$5:B45) -> 41 | B47: 40550 | C47: Dương Minh Hiển | D47: Production Helper | E47: Sheeting | F47: Golf Cutting | G47: 46128 | H47: TRUE | I47: TRUE | J47: TRUE | K47: TRUE | L47: FALSE | M47: FALSE | N47: FALSE | O47: FALSE | P47: FALSE | Q47: TRUE | R47: TRUE | S47: TRUE | T47: {=IF(SUMPRODUCT((Cert_Matrix!$A$6:$A$11=E47)*(Cert_Matrix!$B$6:$K$11="X")*(H47:Q47=TRUE))<SUMPRODUCT((Cert_Matrix!$A$6:$A$11=E47)*(Cert_Matrix!$B$6:$K$11="X")),"Thiếu chứng nhận","Đủ điều kiện")} -> Đủ điều kiện
A48: =ROWS($B$5:B46) -> 42 | B48: 40567 | C48: Trần Thị Thùy Mỵ | D48: Production Helper | E48: Splicing | F48: Golf Cutting | G48: 46120 | H48: FALSE | I48: FALSE | J48: FALSE | K48: FALSE | L48: FALSE | M48: FALSE | N48: TRUE | O48: FALSE | P48: FALSE | Q48: FALSE | R48: TRUE | S48: FALSE | T48: {=IF(SUMPRODUCT((Cert_Matrix!$A$6:$A$11=E48)*(Cert_Matrix!$B$6:$K$11="X")*(H48:Q48=TRUE))<SUMPRODUCT((Cert_Matrix!$A$6:$A$11=E48)*(Cert_Matrix!$B$6:$K$11="X")),"Thiếu chứng nhận","Đủ điều kiện")} -> Đủ điều kiện
... A50: =ROWS($B$5:B48) -> 44 | B50: 40570 | C50: Đặng Thị Hồng Thắm | D50: Production Helper | E50: Lay Up | F50: Golf Cutting | G50: 46120 | H50: FALSE | I50: FALSE | J50: FALSE | K50: FALSE | L50: FALSE | M50: FALSE | N50: TRUE | O50: FALSE | P50: FALSE | Q50: TRUE | R50: TRUE | S50: TRUE | T50: {=IF(SUMPRODUCT((Cert_Matrix!$A$6:$A$11=E50)*(Cert_Matrix!$B$6:$K$11="X")*(H50:Q50=TRUE))<SUMPRODUCT((Cert_Matrix!$A$6:$A$11=E50)*(Cert_Matrix!$B$6:$K$11="X")),"Thiếu chứng nhận","Đủ điều kiện")} -> Đủ điều kiện
A51: =ROWS($B$5:B49) -> 45 | B51: 4635 | C51: Nguyễn Thúy Huyền | D51: Lay Up Assembler | E51: Lay Up | F51: Arrow Cutting | H51: FALSE | I51: FALSE | J51: FALSE | K51: FALSE | L51: FALSE | M51: FALSE | N51: TRUE | O51: FALSE | P51: FALSE | Q51: TRUE | R51: TRUE | S51: FALSE | T51: {=IF(SUMPRODUCT((Cert_Matrix!$A$6:$A$11=E51)*(Cert_Matrix!$B$6:$K$11="X")*(H51:Q51=TRUE))<SUMPRODUCT((Cert_Matrix!$A$6:$A$11=E51)*(Cert_Matrix!$B$6:$K$11="X")),"Thiếu chứng nhận","Đủ điều kiện")} -> Đủ điều kiện
A52: =ROWS($B$5:B50) -> 46 | B52: 5188 | C52: Lê Minh Đường | D52: Zero/Angle Ply Sheeter B | E52: Sheeting | F52: Arrow Cutting | H52: TRUE | I52: TRUE | J52: TRUE | K52: TRUE | L52: FALSE | M52: TRUE | N52: TRUE | O52: FALSE | P52: TRUE | Q52: FALSE | R52: FALSE | S52: TRUE | T52: {=IF(SUMPRODUCT((Cert_Matrix!$A$6:$A$11=E52)*(Cert_Matrix!$B$6:$K$11="X")*(H52:Q52=TRUE))<SUMPRODUCT((Cert_Matrix!$A$6:$A$11=E52)*(Cert_Matrix!$B$6:$K$11="X")),"Thiếu chứng nhận","Đủ điều kiện")} -> Đủ điều kiện
A53: =ROWS($B$5:B51) -> 47 | B53: 5012 | C53: Nguyễn Thanh Sang | D53: Shear Operator B | E53: Shearing | F53: Arrow Cutting | H53: TRUE | I53: TRUE | J53: TRUE | K53: FALSE | L53: TRUE | M53: TRUE | N53: TRUE | O53: FALSE | P53: FALSE | Q53: TRUE | R53: TRUE | S53: FALSE | T53: {=IF(SUMPRODUCT((Cert_Matrix!$A$6:$A$11=E53)*(Cert_Matrix!$B$6:$K$11="X")*(H53:Q53=TRUE))<SUMPRODUCT((Cert_Matrix!$A$6:$A$11=E53)*(Cert_Matrix!$B$6:$K$11="X")),"Thiếu chứng nhận","Đủ điều kiện")} -> Đủ điều kiện
A54: =ROWS($B$5:B52) -> 48 | B54: 40390 | C54: Hồ Thị Thanh Thúy | D54: Production Helper | E54: Lay Up | F54: Arrow Cutting | H54: FALSE | I54: FALSE | J54: FALSE | K54: FALSE | L54: FALSE | M54: FALSE | N54: FALSE | O54: FALSE | P54: FALSE | Q54: TRUE | R54: TRUE | S54: FALSE | T54: {=IF(SUMPRODUCT((Cert_Matrix!$A$6:$A$11=E54)*(Cert_Matrix!$B$6:$K$11="X")*(H54:Q54=TRUE))<SUMPRODUCT((Cert_Matrix!$A$6:$A$11=E54)*(Cert_Matrix!$B$6:$K$11="X")),"Thiếu chứng nhận","Đủ điều kiện")} -> Đủ điều kiện
A55: =ROWS($B$5:B53) -> 49 | B55: 40440 | C55: Dương Thị Mỹ Trang | D55: Production Helper | E55: Lay Up | F55: Arrow Cutting | G55: 46128 | H55: FALSE | I55: FALSE | J55: FALSE | K55: FALSE | L55: FALSE | M55: FALSE | N55: FALSE | O55: FALSE | P55: FALSE | Q55: TRUE | R55: TRUE | S55: TRUE | T55: {=IF(SUMPRODUCT((Cert_Matrix!$A$6:$A$11=E55)*(Cert_Matrix!$B$6:$K$11="X")*(H55:Q55=TRUE))<SUMPRODUCT((Cert_Matrix!$A$6:$A$11=E55)*(Cert_Matrix!$B$6:$K$11="X")),"Thiếu chứng nhận","Đủ điều kiện")} -> Đủ điều kiện
A56: =ROWS($B$5:B54) -> 50 | B56: 40628 | C56: Nguyễn Thị Bé Bảy | D56: Production Helper | E56: Lay Up | F56: Arrow Cutting | G56: 45998 | H56: FALSE | I56: FALSE | J56: FALSE | K56: FALSE | L56: FALSE | M56: FALSE | N56: FALSE | O56: FALSE | P56: FALSE | Q56: TRUE | R56: FALSE | S56: FALSE | T56: {=IF(SUMPRODUCT((Cert_Matrix!$A$6:$A$11=E56)*(Cert_Matrix!$B$6:$K$11="X")*(H56:Q56=TRUE))<SUMPRODUCT((Cert_Matrix!$A$6:$A$11=E56)*(Cert_Matrix!$B$6:$K$11="X")),"Thiếu chứng nhận","Đủ điều kiện")} -> Đủ điều kiện
A57: =ROWS($B$5:B55) -> 51 | B57: 40322 | C57: Đinh Thị Ngân Tâm | D57: Production Helper | E57: Lay Up | F57: Arrow Cutting | G57: 46001 | H57: FALSE | I57: FALSE | J57: FALSE | K57: FALSE | L57: FALSE | M57: FALSE | N57: FALSE | O57: FALSE | P57: FALSE | Q57: TRUE | R57: FALSE | S57: FALSE | T57: {=IF(SUMPRODUCT((Cert_Matrix!$A$6:$A$11=E57)*(Cert_Matrix!$B$6:$K$11="X")*(H57:Q57=TRUE))<SUMPRODUCT((Cert_Matrix!$A$6:$A$11=E57)*(Cert_Matrix!$B$6:$K$11="X")),"Thiếu chứng nhận","Đủ điều kiện")} -> Đủ điều kiện
A58: =ROWS($B$5:B56) -> 52 | B58: 40469 | C58: Nguyễn Thị Tuyết Lan | D58: Production Helper | E58: Lay Up | F58: Arrow Cutting | G58: 46122 | H58: FALSE | I58: FALSE | J58: FALSE | K58: FALSE | L58: FALSE | M58: FALSE | N58: TRUE | O58: FALSE | P58: FALSE | Q58: TRUE | R58: TRUE | S58: FALSE | T58: {=IF(SUMPRODUCT((Cert_Matrix!$A$6:$A$11=E58)*(Cert_Matrix!$B$6:$K$11="X")*(H58:Q58=TRUE))<SUMPRODUCT((Cert_Matrix!$A$6:$A$11=E58)*(Cert_Matrix!$B$6:$K$11="X")),"Thiếu chứng nhận","Đủ điều kiện")} -> Đủ điều kiện
A59: =ROWS($B$5:B57) -> 53 | B59: 40513 | C59: Lê Đoàn Hồng Ngọc | D59: Production Helper | E59: Lay Up | F59: Arrow Cutting | G59: 46122 | H59: FALSE | I59: FALSE | J59: FALSE | K59: FALSE | L59: FALSE | M59: FALSE | N59: FALSE | O59: FALSE | P59: FALSE | Q59: TRUE | R59: TRUE | S59: TRUE | T59: {=IF(SUMPRODUCT((Cert_Matrix!$A$6:$A$11=E59)*(Cert_Matrix!$B$6:$K$11="X")*(H59:Q59=TRUE))<SUMPRODUCT((Cert_Matrix!$A$6:$A$11=E59)*(Cert_Matrix!$B$6:$K$11="X")),"Thiếu chứng nhận","Đủ điều kiện")} -> Đủ điều kiện
A60: =ROWS($B$5:B58) -> 54 | B60: 4611 | C60: Nguyễn Hữu Đức | D60: Shear Operator B | E60: Shearing | F60: Arrow Cutting | H60: TRUE | I60: TRUE | J60: TRUE | K60: TRUE | L60: TRUE | M60: TRUE | N60: FALSE | O60: FALSE | P60: FALSE | Q60: FALSE | R60: TRUE | S60: FALSE | T60: {=IF(SUMPRODUCT((Cert_Matrix!$A$6:$A$11=E60)*(Cert_Matrix!$B$6:$K$11="X")*(H60:Q60=TRUE))<SUMPRODUCT((Cert_Matrix!$A$6:$A$11=E60)*(Cert_Matrix!$B$6:$K$11="X")),"Thiếu chứng nhận","Đủ điều kiện")} -> Đủ điều kiện
A61: =ROWS($B$5:B59) -> 55 | B61: 5247 | C61: Lê Thị Ngọc Hà | D61: Lay Up Assembler | E61: Lay Up | F61: Arrow Cutting | G61: 46120 | H61: FALSE | I61: FALSE | J61: FALSE | K61: FALSE | L61: FALSE | M61: FALSE | N61: TRUE | O61: FALSE | P61: FALSE | Q61: TRUE | R61: TRUE | S61: FALSE | T61: {=IF(SUMPRODUCT((Cert_Matrix!$A$6:$A$11=E61)*(Cert_Matrix!$B$6:$K$11="X")*(H61:Q61=TRUE))<SUMPRODUCT((Cert_Matrix!$A$6:$A$11=E61)*(Cert_Matrix!$B$6:$K$11="X")),"Thiếu chứng nhận","Đủ điều kiện")} -> Đủ điều kiện
A62: =ROWS($B$5:B60) -> 56 | B62: 5289 | C62: Nguyễn Quốc Vương | D62: Zero/Angle Ply Sheeter B | E62: Sheeting | F62: Arrow Cutting | G62: 46137 | H62: TRUE | I62: TRUE | J62: TRUE | K62: TRUE | L62: FALSE | M62: TRUE | N62: TRUE | O62: FALSE | P62: FALSE | Q62: TRUE | R62: TRUE | S62: TRUE | T62: {=IF(SUMPRODUCT((Cert_Matrix!$A$6:$A$11=E62)*(Cert_Matrix!$B$6:$K$11="X")*(H62:Q62=TRUE))<SUMPRODUCT((Cert_Matrix!$A$6:$A$11=E62)*(Cert_Matrix!$B$6:$K$11="X")),"Thiếu chứng nhận","Đủ điều kiện")} -> Đủ điều kiện
A63: =ROWS($B$5:B61) -> 57 | B63: 5341 | C63: Nguyễn Thị Kim Thoa | D63: Lay Up Assembler | E63: Lay Up | F63: Arrow Cutting | G63: 46001 | H63: FALSE | I63: FALSE | J63: FALSE | K63: FALSE | L63: FALSE | M63: FALSE | N63: FALSE | O63: FALSE | P63: FALSE | Q63: TRUE | R63: FALSE | S63: FALSE | T63: {=IF(SUMPRODUCT((Cert_Matrix!$A$6:$A$11=E63)*(Cert_Matrix!$B$6:$K$11="X")*(H63:Q63=TRUE))<SUMPRODUCT((Cert_Matrix!$A$6:$A$11=E63)*(Cert_Matrix!$B$6:$K$11="X")),"Thiếu chứng nhận","Đủ điều kiện")} -> Đủ điều kiện
A64: =ROWS($B$5:B62) -> 58 | B64: 5367 | C64: Nguyễn Thị Như Thảo | D64: Lay Up Assembler | E64: Lay Up | F64: Arrow Cutting | G64: 46055 | H64: FALSE | I64: FALSE | J64: FALSE | K64: FALSE | L64: FALSE | M64: FALSE | N64: FALSE | O64: FALSE | P64: FALSE | Q64: TRUE | R64: TRUE | S64: TRUE | T64: {=IF(SUMPRODUCT((Cert_Matrix!$A$6:$A$11=E64)*(Cert_Matrix!$B$6:$K$11="X")*(H64:Q64=TRUE))<SUMPRODUCT((Cert_Matrix!$A$6:$A$11=E64)*(Cert_Matrix!$B$6:$K$11="X")),"Thiếu chứng nhận","Đủ điều kiện")} -> Đủ điều kiện
A65: =ROWS($B$5:B63) -> 59 | B65: 40335 | C65: Nguyễn Thị Tú Quyên | D65: Production Helper | E65: Lay Up | F65: Arrow Cutting | G65: 46055 | H65: FALSE | I65: FALSE | J65: FALSE | K65: FALSE | L65: FALSE | M65: FALSE | N65: FALSE | O65: FALSE | P65: FALSE | Q65: TRUE | R65: TRUE | S65: TRUE | T65: {=IF(SUMPRODUCT((Cert_Matrix!$A$6:$A$11=E65)*(Cert_Matrix!$B$6:$K$11="X")*(H65:Q65=TRUE))<SUMPRODUCT((Cert_Matrix!$A$6:$A$11=E65)*(Cert_Matrix!$B$6:$K$11="X")),"Thiếu chứng nhận","Đủ điều kiện")} -> Đủ điều kiện
A66: =ROWS($B$5:B64) -> 60 | B66: 40336 | C66: Đoàn Thị Tuyết Nhung | D66: Production Helper | E66: Lay Up | F66: Arrow Cutting | G66: 46120 | H66: FALSE | I66: FALSE | J66: FALSE | K66: FALSE | L66: FALSE | M66: FALSE | N66: FALSE | O66: FALSE | P66: FALSE | Q66: TRUE | R66: TRUE | S66: TRUE | T66: {=IF(SUMPRODUCT((Cert_Matrix!$A$6:$A$11=E66)*(Cert_Matrix!$B$6:$K$11="X")*(H66:Q66=TRUE))<SUMPRODUCT((Cert_Matrix!$A$6:$A$11=E66)*(Cert_Matrix!$B$6:$K$11="X")),"Thiếu chứng nhận","Đủ điều kiện")} -> Đủ điều kiện
A67: =ROWS($B$5:B65) -> 61 | B67: 40515 | C67: Ngô Thị Ánh | D67: Production Helper | E67: Lay Up | F67: Arrow Cutting | G67: 46120 | H67: FALSE | I67: FALSE | J67: FALSE | K67: FALSE | L67: FALSE | M67: FALSE | N67: FALSE | O67: FALSE | P67: FALSE | Q67: TRUE | R67: TRUE | S67: TRUE | T67: {=IF(SUMPRODUCT((Cert_Matrix!$A$6:$A$11=E67)*(Cert_Matrix!$B$6:$K$11="X")*(H67:Q67=TRUE))<SUMPRODUCT((Cert_Matrix!$A$6:$A$11=E67)*(Cert_Matrix!$B$6:$K$11="X")),"Thiếu chứng nhận","Đủ điều kiện")} -> Đủ điều kiện
A68: =ROWS($B$5:B66) -> 62 | B68: 40535 | C68: Nguyễn Yến Nhi | D68: Production Helper | E68: Lay Up | F68: Arrow Cutting | G68: 46120 | H68: FALSE | I68: FALSE | J68: FALSE | K68: FALSE | L68: FALSE | M68: FALSE | N68: FALSE | O68: FALSE | P68: FALSE | Q68: TRUE | R68: TRUE | S68: FALSE | T68: {=IF(SUMPRODUCT((Cert_Matrix!$A$6:$A$11=E68)*(Cert_Matrix!$B$6:$K$11="X")*(H68:Q68=TRUE))<SUMPRODUCT((Cert_Matrix!$A$6:$A$11=E68)*(Cert_Matrix!$B$6:$K$11="X")),"Thiếu chứng nhận","Đủ điều kiện")} -> Đủ điều kiện
A69: =ROWS($B$5:B67) -> 63 | B69: 40584 | C69: Nguyễn Thị Ngọc Hà | D69: Production Helper | E69: Lay Up | F69: Arrow Cutting | G69: 46120 | H69: FALSE | I69: FALSE | J69: FALSE | K69: FALSE | L69: FALSE | M69: FALSE | N69: FALSE | O69: FALSE | P69: FALSE | Q69: TRUE | R69: TRUE | S69: TRUE | T69: {=IF(SUMPRODUCT((Cert_Matrix!$A$6:$A$11=E69)*(Cert_Matrix!$B$6:$K$11="X")*(H69:Q69=TRUE))<SUMPRODUCT((Cert_Matrix!$A$6:$A$11=E69)*(Cert_Matrix!$B$6:$K$11="X")),"Thiếu chứng nhận","Đủ điều kiện")} -> Đủ điều kiện
A70: =ROWS($B$5:B68) -> 64 | B70: 40591 | C70: Trần Thị Trúc | D70: Production Helper | E70: Lay Up | F70: Arrow Cutting | G70: 46120 | H70: FALSE | I70: FALSE | J70: FALSE | K70: FALSE | L70: FALSE | M70: FALSE | N70: FALSE | O70: FALSE | P70: FALSE | Q70: TRUE | R70: TRUE | S70: TRUE | T70: {=IF(SUMPRODUCT((Cert_Matrix!$A$6:$A$11=E70)*(Cert_Matrix!$B$6:$K$11="X")*(H70:Q70=TRUE))<SUMPRODUCT((Cert_Matrix!$A$6:$A$11=E70)*(Cert_Matrix!$B$6:$K$11="X")),"Thiếu chứng nhận","Đủ điều kiện")} -> Đủ điều kiện
A71: =ROWS($B$5:B69) -> 65 | B71: 40664 | C71: Lưu Diễm My | D71: Production Helper | E71: Lay Up | F71: Golf Cutting | G71: 46161 | H71: FALSE | I71: FALSE | J71: FALSE | K71: FALSE | L71: FALSE | M71: FALSE | N71: FALSE | O71: FALSE | P71: FALSE | Q71: TRUE | R71: TRUE | S71: TRUE | T71: {=IF(SUMPRODUCT((Cert_Matrix!$A$6:$A$11=E71)*(Cert_Matrix!$B$6:$K$11="X")*(H71:Q71=TRUE))<SUMPRODUCT((Cert_Matrix!$A$6:$A$11=E71)*(Cert_Matrix!$B$6:$K$11="X")),"Thiếu chứng nhận","Đủ điều kiện")} -> Đủ điều kiện
A72: =ROWS($B$5:B70) -> 66 | B72: 40684 | C72: Rơ Lan H' An | D72: Production Helper | E72: Lay Up | F72: Arrow Cutting | G72: 46183 | H72: FALSE | I72: FALSE | J72: FALSE | K72: FALSE | L72: FALSE | M72: FALSE | N72: TRUE | O72: FALSE | P72: FALSE | Q72: TRUE | R72: TRUE | S72: TRUE | T72: {=IF(SUMPRODUCT((Cert_Matrix!$A$6:$A$11=E72)*(Cert_Matrix!$B$6:$K$11="X")*(H72:Q72=TRUE))<SUMPRODUCT((Cert_Matrix!$A$6:$A$11=E72)*(Cert_Matrix!$B$6:$K$11="X")),"Thiếu chứng nhận","Đủ điều kiện")} -> Đủ điều kiện
A73: =ROWS($B$5:B71) -> 67 | B73: 40619 | C73: Nguyễn Ngọc Hảo | D73: Production Helper | E73: Lay Up | F73: Arrow Cutting | G73: 46183 | H73: FALSE | I73: FALSE | J73: FALSE | K73: FALSE | L73: FALSE | M73: FALSE | N73: TRUE | O73: FALSE | P73: FALSE | Q73: TRUE | R73: TRUE | S73: TRUE | T73: {=IF(SUMPRODUCT((Cert_Matrix!$A$6:$A$11=E73)*(Cert_Matrix!$B$6:$K$11="X")*(H73:Q73=TRUE))<SUMPRODUCT((Cert_Matrix!$A$6:$A$11=E73)*(Cert_Matrix!$B$6:$K$11="X")),"Thiếu chứng nhận","Đủ điều kiện")} -> Đủ điều kiện

Sheet G_Rolling
R1: Số (Form Code): ADL/F/EHS/022-04
A2: DANH SÁCH CHỨNG NHẬN VẬN HÀNH | R2: Lần hiệu chỉnh (Revision No.): 00
R3: Lần ban hành (Issuance No.): 01
R4: Ngày hiệu lực (Effective date): 01/04/2025
A5: STT | B5: MSNV | C5: HỌ TÊN | D5: CHỨC VỤ | E5: VỊ TRÍ CÔNG VIỆC | F5: BỘ PHẬN | G5: NGÀY ĐÁNH GIÁ | I5: HẠNG MỤC ĐƯỢC ĐÀO TẠO
H6: Bàn Nhiệt | I6: Máy CDI | J6: Máy Revo | K6: Máy Auto Rolling | L6: Máy Cello Ngang | M6: Máy Cello Đứng | N6: Máy Rút Dây Cello | O6: Máy Rút Mandrel | P6: Máy Rửa Mandrel | Q6: Máy Đo/Uốn Thẳng Mandrel | R6: Lò Sấy | S6: Máy Khắc Laser | T6: Sử Dụng Vật Sắc Nhọn | U6: Xử Lý Phân Loại Rác Thải | V6: HIỆN TRẠNG | W6: LÝ DO | X6: NGÀY DỰ KIẾN HOÀN THÀNH
A7: =ROWS($B5:B$5) -> 1 | B7: 3504 | C7: Tô Văn Sơn | D7: Leader | F7: Golf Rolling | H7: TRUE | I7: TRUE | J7: TRUE | K7: TRUE | L7: TRUE | M7: TRUE | N7: TRUE | O7: TRUE | P7: TRUE | Q7: TRUE | R7: TRUE | S7: TRUE | T7: TRUE | U7: TRUE | V7: {=IF(SUMPRODUCT((Cert_Matrix!$A$12:$A$21=E7)*(Cert_Matrix!$L$12:$W$21="X")*(H7:S7=TRUE))<SUMPRODUCT((Cert_Matrix!$A$12:$A$21=E7)*(Cert_Matrix!$L$12:$W$21="X")),"Thiếu chứng nhận","Đủ điều kiện")} -> Đủ điều kiện | Y7: =VLOOKUP(B7,'HC Golf'!C:G,5,0) -> S2
A8: =ROWS($B$5:B6) -> 2 | B8: 4250 | C8: Trần Thị Mai | D8: Group Cell | E8: Revo Rolling | F8: Golf Rolling | H8: TRUE | I8: TRUE | J8: TRUE | K8: FALSE | L8: FALSE | M8: FALSE | N8: FALSE | O8: FALSE | P8: FALSE | Q8: FALSE | R8: FALSE | S8: FALSE | T8: TRUE | U8: FALSE | V8: {=IF(SUMPRODUCT((Cert_Matrix!$A$12:$A$21=E8)*(Cert_Matrix!$L$12:$W$21="X")*(H8:S8=TRUE))<SUMPRODUCT((Cert_Matrix!$A$12:$A$21=E8)*(Cert_Matrix!$L$12:$W$21="X")),"Thiếu chứng nhận","Đủ điều kiện")} -> Đủ điều kiện | Y8: =VLOOKUP(B8,'HC Golf'!C:G,5,0) -> S3
A9: =ROWS($B$5:B7) -> 3 | B9: 4552 | C9: Lê Thị Ngọc Yến | D9: Revo Rolling Operator B | E9: CDI Rolling | F9: Golf Rolling | H9: TRUE | I9: TRUE | J9: TRUE | K9: FALSE | L9: FALSE | M9: FALSE | N9: FALSE | O9: FALSE | P9: FALSE | Q9: FALSE | R9: FALSE | S9: FALSE | T9: TRUE | U9: FALSE | V9: {=IF(SUMPRODUCT((Cert_Matrix!$A$12:$A$21=E9)*(Cert_Matrix!$L$12:$W$21="X")*(H9:S9=TRUE))<SUMPRODUCT((Cert_Matrix!$A$12:$A$21=E9)*(Cert_Matrix!$L$12:$W$21="X")),"Thiếu chứng nhận","Đủ điều kiện")} -> Đủ điều kiện | Y9: =VLOOKUP(B9,'HC Golf'!C:G,5,0) -> S2
A10: =ROWS($B$5:B8) -> 4 | B10: 2025 | C10: Lê Văn Hùng | D10: Mandrel Cleaner Operator | E10: Rửa Mandrel | F10: Golf Rolling | H10: FALSE | I10: FALSE | J10: FALSE | K10: FALSE | L10: FALSE | M10: FALSE | N10: FALSE | O10: TRUE | P10: TRUE | Q10: FALSE | R10: TRUE | S10: FALSE | T10: TRUE | U10: FALSE | V10: {=IF(SUMPRODUCT((Cert_Matrix!$A$12:$A$21=E10)*(Cert_Matrix!$L$12:$W$21="X")*(H10:S10=TRUE))<SUMPRODUCT((Cert_Matrix!$A$12:$A$21=E10)*(Cert_Matrix!$L$12:$W$21="X")),"Thiếu chứng nhận","Đủ điều kiện")} -> Đủ điều kiện | Y10: =VLOOKUP(B10,'HC Golf'!C:G,5,0) -> S2
A11: =ROWS($B$5:B9) -> 5 | B11: 2252 | C11: Nguyễn Thị Hường | D11: Revo Rolling Operator B | E11: Revo Rolling | F11: Golf Rolling | H11: TRUE | I11: TRUE | J11: TRUE | K11: FALSE | L11: FALSE | M11: FALSE | N11: FALSE | O11: FALSE | P11: FALSE | Q11: FALSE | R11: FALSE | S11: FALSE | T11: TRUE | U11: FALSE | V11: {=IF(SUMPRODUCT((Cert_Matrix!$A$12:$A$21=E11)*(Cert_Matrix!$L$12:$W$21="X")*(H11:S11=TRUE))<SUMPRODUCT((Cert_Matrix!$A$12:$A$21=E11)*(Cert_Matrix!$L$12:$W$21="X")),"Thiếu chứng nhận","Đủ điều kiện")} -> Đủ điều kiện | Y11: =VLOOKUP(B11,'HC Golf'!C:G,5,0) -> S2
A12: =ROWS($B$5:B10) -> 6 | B12: 4734 | C12: Nguyễn Thị Nụ | D12: CDI Rolling Operator B | E12: Auto Rolling | F12: Golf Rolling | H12: TRUE | I12: TRUE | J12: TRUE | K12: TRUE | L12: FALSE | M12: FALSE | N12: FALSE | O12: FALSE | P12: FALSE | Q12: FALSE | R12: FALSE | S12: TRUE | T12: TRUE | U12: FALSE | V12: {=IF(SUMPRODUCT((Cert_Matrix!$A$12:$A$21=E12)*(Cert_Matrix!$L$12:$W$21="X")*(H12:S12=TRUE))<SUMPRODUCT((Cert_Matrix!$A$12:$A$21=E12)*(Cert_Matrix!$L$12:$W$21="X")),"Thiếu chứng nhận","Đủ điều kiện")} -> Đủ điều kiện | Y12: =VLOOKUP(B12,'HC Golf'!C:G,5,0) -> S2
A13: =ROWS($B$5:B11) -> 7 | B13: 4952 | C13: Triệu Thị Phượng | D13: CDI Rolling Operator B | E13: Khắc Laser | F13: Golf Rolling | G13: 46131 | H13: TRUE | I13: FALSE | J13: FALSE | K13: FALSE | L13: FALSE | M13: FALSE | N13: FALSE | O13: FALSE | P13: FALSE | Q13: FALSE | R13: FALSE | S13: TRUE | T13: TRUE | U13: FALSE | V13: {=IF(SUMPRODUCT((Cert_Matrix!$A$12:$A$21=E13)*(Cert_Matrix!$L$12:$W$21="X")*(H13:S13=TRUE))<SUMPRODUCT((Cert_Matrix!$A$12:$A$21=E13)*(Cert_Matrix!$L$12:$W$21="X")),"Thiếu chứng nhận","Đủ điều kiện")} -> Đủ điều kiện | Y13: =VLOOKUP(B13,'HC Golf'!C:G,5,0) -> S2
A14: =ROWS($B$5:B12) -> 8 | B14: 4479 | C14: Huỳnh Phước Bảo | D14: Process Trainer | E14: CDI Rolling | F14: Golf Rolling | G14: 46105 | H14: TRUE | I14: TRUE | J14: TRUE | K14: TRUE | L14: TRUE | M14: TRUE | N14: TRUE | O14: TRUE | P14: TRUE | Q14: TRUE | R14: TRUE | S14: TRUE | T14: TRUE | U14: TRUE | V14: {=IF(SUMPRODUCT((Cert_Matrix!$A$12:$A$21=E14)*(Cert_Matrix!$L$12:$W$21="X")*(H14:S14=TRUE))<SUMPRODUCT((Cert_Matrix!$A$12:$A$21=E14)*(Cert_Matrix!$L$12:$W$21="X")),"Thiếu chứng nhận","Đủ điều kiện")} -> Đủ điều kiện | Y14: =VLOOKUP(B14,'HC Golf'!C:G,5,0) -> S2
A15: =ROWS($B$5:B13) -> 9 | B15: 2470 | C15: Nguyễn Thị Nho | D15: Revo Rolling Operator A | E15: CDI Rolling | F15: Golf Rolling | G15: 46131 | H15: TRUE | I15: TRUE | J15: TRUE | K15: FALSE | L15: FALSE | M15: FALSE | N15: FALSE | O15: FALSE | P15: FALSE | Q15: FALSE | R15: FALSE | S15: FALSE | T15: TRUE | U15: FALSE | V15: {=IF(SUMPRODUCT((Cert_Matrix!$A$12:$A$21=E15)*(Cert_Matrix!$L$12:$W$21="X")*(H15:S15=TRUE))<SUMPRODUCT((Cert_Matrix!$A$12:$A$21=E15)*(Cert_Matrix!$L$12:$W$21="X")),"Thiếu chứng nhận","Đủ điều kiện")} -> Đủ điều kiện | Y15: =VLOOKUP(B15,'HC Golf'!C:G,5,0) -> S2
A16: =ROWS($B$5:B14) -> 10 | B16: 0283 | C16: Nguyễn Hữu Tạo | D16: Mandrel Straightner A | E16: Mandrel | F16: Golf Rolling | H16: TRUE | I16: TRUE | J16: TRUE | K16: FALSE | L16: TRUE | M16: TRUE | N16: TRUE | O16: TRUE | P16: TRUE | Q16: TRUE | R16: TRUE | S16: FALSE | T16: TRUE | U16: FALSE | V16: {=IF(SUMPRODUCT((Cert_Matrix!$A$12:$A$21=E16)*(Cert_Matrix!$L$12:$W$21="X")*(H16:S16=TRUE))<SUMPRODUCT((Cert_Matrix!$A$12:$A$21=E16)*(Cert_Matrix!$L$12:$W$21="X")),"Thiếu chứng nhận","Đủ điều kiện")} -> Đủ điều kiện | Y16: =VLOOKUP(B16,'HC Golf'!C:G,5,0) -> S2
A17: =ROWS($B$5:B15) -> 11 | B17: 4919 | C17: Lê Thị Linh | D17: CDI Rolling Operator B | E17: Auto Rolling | F17: Golf Rolling | H17: TRUE | I17: TRUE | J17: TRUE | K17: TRUE | L17: FALSE | M17: FALSE | N17: FALSE | O17: FALSE | P17: FALSE | Q17: FALSE | R17: FALSE | S17: FALSE | T17: TRUE | U17: FALSE | V17: {=IF(SUMPRODUCT((Cert_Matrix!$A$12:$A$21=E17)*(Cert_Matrix!$L$12:$W$21="X")*(H17:S17=TRUE))<SUMPRODUCT((Cert_Matrix!$A$12:$A$21=E17)*(Cert_Matrix!$L$12:$W$21="X")),"Thiếu chứng nhận","Đủ điều kiện")} -> Đủ điều kiện | Y17: =VLOOKUP(B17,'HC Golf'!C:G,5,0) -> S2
A18: =ROWS($B$5:B16) -> 12 | B18: 4923 | C18: Sơn Ngọc Hiền | D18: CDI Rolling Operator B | E18: CDI Rolling | F18: Golf Rolling | H18: TRUE | I18: TRUE | J18: FALSE | K18: FALSE | L18: FALSE | M18: FALSE | N18: FALSE | O18: FALSE | P18: FALSE | Q18: FALSE | R18: FALSE | S18: FALSE | T18: TRUE | U18: FALSE | V18: {=IF(SUMPRODUCT((Cert_Matrix!$A$12:$A$21=E18)*(Cert_Matrix!$L$12:$W$21="X")*(H18:S18=TRUE))<SUMPRODUCT((Cert_Matrix!$A$12:$A$21=E18)*(Cert_Matrix!$L$12:$W$21="X")),"Thiếu chứng nhận","Đủ điều kiện")} -> Đủ điều kiện | Y18: =VLOOKUP(B18,'HC Golf'!C:G,5,0) -> S2
A19: =ROWS($B$5:B17) -> 13 | B19: 4773 | C19: Đào Thị Kim Loan | D19: CDI Rolling Operator B | E19: Revo Rolling | F19: Golf Rolling | H19: TRUE | I19: TRUE | J19: TRUE | K19: FALSE | L19: FALSE | M19: FALSE | N19: FALSE | O19: FALSE | P19: FALSE | Q19: FALSE | R19: FALSE | S19: FALSE | T19: TRUE | U19: FALSE | V19: {=IF(SUMPRODUCT((Cert_Matrix!$A$12:$A$21=E19)*(Cert_Matrix!$L$12:$W$21="X")*(H19:S19=TRUE))<SUMPRODUCT((Cert_Matrix!$A$12:$A$21=E19)*(Cert_Matrix!$L$12:$W$21="X")),"Thiếu chứng nhận","Đủ điều kiện")} -> Đủ điều kiện | Y19: =VLOOKUP(B19,'HC Golf'!C:G,5,0) -> S2
A20: =ROWS($B$5:B18) -> 14 | B20: 4536 | C20: Nguyễn Thị Cẩm Nhung | D20: Group Cell | E20: Auto Rolling | F20: Golf Rolling | H20: FALSE | I20: TRUE | J20: TRUE | K20: TRUE | L20: TRUE | M20: FALSE | N20: FALSE | O20: FALSE | P20: FALSE | Q20: FALSE | R20: FALSE | S20: FALSE | T20: TRUE | U20: FALSE | V20: {=IF(SUMPRODUCT((Cert_Matrix!$A$12:$A$21=E20)*(Cert_Matrix!$L$12:$W$21="X")*(H20:S20=TRUE))<SUMPRODUCT((Cert_Matrix!$A$12:$A$21=E20)*(Cert_Matrix!$L$12:$W$21="X")),"Thiếu chứng nhận","Đủ điều kiện")} -> Đủ điều kiện | Y20: =VLOOKUP(B20,'HC Golf'!C:G,5,0) -> S2
A21: =ROWS($B$5:B19) -> 15 | B21: 4946 | C21: Nguyễn Vũ Kha | D21: Oven Operator A | E21: Oven Operator | F21: Golf Rolling | H21: FALSE | I21: FALSE | J21: FALSE | K21: FALSE | L21: TRUE | M21: TRUE | N21: TRUE | O21: TRUE | P21: TRUE | Q21: TRUE | R21: TRUE | S21: FALSE | T21: TRUE | U21: FALSE | V21: {=IF(SUMPRODUCT((Cert_Matrix!$A$12:$A$21=E21)*(Cert_Matrix!$L$12:$W$21="X")*(H21:S21=TRUE))<SUMPRODUCT((Cert_Matrix!$A$12:$A$21=E21)*(Cert_Matrix!$L$12:$W$21="X")),"Thiếu chứng nhận","Đủ điều kiện")} -> Đủ điều kiện | Y21: =VLOOKUP(B21,'HC Golf'!C:G,5,0) -> S2
A22: =ROWS($B$5:B20) -> 16 | B22: 4870 | C22: Nguyễn Duy Tân | D22: Cello Wrapper Operator B | E22: Cello Wapper | F22: Golf Rolling | H22: FALSE | I22: FALSE | J22: FALSE | K22: FALSE | L22: TRUE | M22: TRUE | N22: FALSE | O22: FALSE | P22: FALSE | Q22: FALSE | R22: FALSE | S22: FALSE | T22: TRUE | U22: FALSE | V22: {=IF(SUMPRODUCT((Cert_Matrix!$A$12:$A$21=E22)*(Cert_Matrix!$L$12:$W$21="X")*(H22:S22=TRUE))<SUMPRODUCT((Cert_Matrix!$A$12:$A$21=E22)*(Cert_Matrix!$L$12:$W$21="X")),"Thiếu chứng nhận","Đủ điều kiện")} -> Đủ điều kiện | Y22: =VLOOKUP(B22,'HC Golf'!C:G,5,0) -> S2
A23: =ROWS($B$5:B21) -> 17 | B23: 0342 | C23: Phạm Văn Hậu | D23: Group Cell | E23: Revo Rolling | F23: Golf Rolling | H23: TRUE | I23: TRUE | J23: TRUE | K23: FALSE | L23: TRUE | M23: FALSE | N23: TRUE | O23: TRUE | P23: TRUE | Q23: FALSE | R23: FALSE | S23: FALSE | T23: TRUE | U23: FALSE | V23: {=IF(SUMPRODUCT((Cert_Matrix!$A$12:$A$21=E23)*(Cert_Matrix!$L$12:$W$21="X")*(H23:S23=TRUE))<SUMPRODUCT((Cert_Matrix!$A$12:$A$21=E23)*(Cert_Matrix!$L$12:$W$21="X")),"Thiếu chứng nhận","Đủ điều kiện")} -> Đủ điều kiện | Y23: =VLOOKUP(B23,'HC Golf'!C:G,5,0) -> S2
A24: =ROWS($B$5:B22) -> 18 | B24: 4105 | C24: Trương Thị Mai | D24: CDI Rolling Operator B | E24: CDI Rolling | F24: Golf Rolling | H24: TRUE | I24: TRUE | J24: TRUE | K24: FALSE | L24: FALSE | M24: FALSE | N24: FALSE | O24: FALSE | P24: FALSE | Q24: FALSE | R24: FALSE | S24: FALSE | T24: TRUE | U24: FALSE | V24: {=IF(SUMPRODUCT((Cert_Matrix!$A$12:$A$21=E24)*(Cert_Matrix!$L$12:$W$21="X")*(H24:S24=TRUE))<SUMPRODUCT((Cert_Matrix!$A$12:$A$21=E24)*(Cert_Matrix!$L$12:$W$21="X")),"Thiếu chứng nhận","Đủ điều kiện")} -> Đủ điều kiện | Y24: =VLOOKUP(B24,'HC Golf'!C:G,5,0) -> S2
A25: =ROWS($B$5:B23) -> 19 | B25: 5099 | C25: Dương Thị Thùy Dương | D25: CDI Rolling Operator A | E25: CDI Rolling | F25: Golf Rolling | H25: TRUE | I25: TRUE | J25: TRUE | K25: TRUE | L25: FALSE | M25: FALSE | N25: FALSE | O25: FALSE | P25: FALSE | Q25: FALSE | R25: FALSE | S25: FALSE | T25: TRUE | U25: FALSE | V25: {=IF(SUMPRODUCT((Cert_Matrix!$A$12:$A$21=E25)*(Cert_Matrix!$L$12:$W$21="X")*(H25:S25=TRUE))<SUMPRODUCT((Cert_Matrix!$A$12:$A$21=E25)*(Cert_Matrix!$L$12:$W$21="X")),"Thiếu chứng nhận","Đủ điều kiện")} -> Đủ điều kiện | Y25: =VLOOKUP(B25,'HC Golf'!C:G,5,0) -> S2
A26: =ROWS($B$5:B24) -> 20 | B26: 5189 | C26: Mã Trường Chinh | D26: Cello Wrapper Operator A | E26: Cello Wapper | F26: Golf Rolling | H26: TRUE | I26: TRUE | J26: FALSE | K26: FALSE | L26: TRUE | M26: TRUE | N26: FALSE | O26: FALSE | P26: FALSE | Q26: FALSE | R26: FALSE | S26: FALSE | T26: TRUE | U26: FALSE | V26: {=IF(SUMPRODUCT((Cert_Matrix!$A$12:$A$21=E26)*(Cert_Matrix!$L$12:$W$21="X")*(H26:S26=TRUE))<SUMPRODUCT((Cert_Matrix!$A$12:$A$21=E26)*(Cert_Matrix!$L$12:$W$21="X")),"Thiếu chứng nhận","Đủ điều kiện")} -> Đủ điều kiện | Y26: =VLOOKUP(B26,'HC Golf'!C:G,5,0) -> S2
A27: =ROWS($B$5:B25) -> 21 | B27: 5233 | C27: Nguyễn Văn Thăng | D27: CDI Rolling Operator B | E27: CDI Rolling | F27: Golf Rolling | G27: 46003 | H27: TRUE | I27: TRUE | J27: TRUE | K27: FALSE | L27: TRUE | M27: TRUE | N27: FALSE | O27: TRUE | P27: FALSE | Q27: FALSE | R27: FALSE | S27: FALSE | T27: TRUE | U27: FALSE | V27: {=IF(SUMPRODUCT((Cert_Matrix!$A$12:$A$21=E27)*(Cert_Matrix!$L$12:$W$21="X")*(H27:S27=TRUE))<SUMPRODUCT((Cert_Matrix!$A$12:$A$21=E27)*(Cert_Matrix!$L$12:$W$21="X")),"Thiếu chứng nhận","Đủ điều kiện")} -> Đủ điều kiện | Y27: =VLOOKUP(B27,'HC Golf'!C:G,5,0) -> S2
A28: =ROWS($B$5:B26) -> 22 | B28: 5234 | C28: Nguyễn Tuấn Kiệt | D28: Oven Operator B | E28: Mandrel | F28: Golf Rolling | G28: 46105 | H28: FALSE | I28: FALSE | J28: FALSE | K28: FALSE | L28: FALSE | M28: FALSE | N28: TRUE | O28: TRUE | P28: TRUE | Q28: FALSE | R28: TRUE | S28: FALSE | T28: TRUE | U28: FALSE | V28: {=IF(SUMPRODUCT((Cert_Matrix!$A$12:$A$21=E28)*(Cert_Matrix!$L$12:$W$21="X")*(H28:S28=TRUE))<SUMPRODUCT((Cert_Matrix!$A$12:$A$21=E28)*(Cert_Matrix!$L$12:$W$21="X")),"Thiếu chứng nhận","Đủ điều kiện")} -> Đủ điều kiện | Y28: =VLOOKUP(B28,'HC Golf'!C:G,5,0) -> S2
A29: =ROWS($B$5:B27) -> 23 | B29: 5255 | C29: Nguyễn Thị Ngọc Hà | D29: CDI Rolling Operator B | E29: CDI Rolling | F29: Golf Rolling | H29: TRUE | I29: TRUE | J29: TRUE | K29: TRUE | L29: FALSE | M29: FALSE | N29: FALSE | O29: FALSE | P29: FALSE | Q29: FALSE | R29: FALSE | S29: FALSE | T29: TRUE | U29: FALSE | V29: {=IF(SUMPRODUCT((Cert_Matrix!$A$12:$A$21=E29)*(Cert_Matrix!$L$12:$W$21="X")*(H29:S29=TRUE))<SUMPRODUCT((Cert_Matrix!$A$12:$A$21=E29)*(Cert_Matrix!$L$12:$W$21="X")),"Thiếu chứng nhận","Đủ điều kiện")} -> Đủ điều kiện | Y29: =VLOOKUP(B29,'HC Golf'!C:G,5,0) -> S2
A30: =ROWS($B$5:B28) -> 24 | B30: 5257 | C30: Trần Thị Huỳnh Mai | D30: Revo Rolling Operator B | E30: Revo Rolling | F30: Golf Rolling | G30: 46131 | H30: TRUE | I30: TRUE | J30: TRUE | K30: FALSE | L30: FALSE | M30: FALSE | N30: FALSE | O30: FALSE | P30: FALSE | Q30: FALSE | R30: FALSE | S30: FALSE | T30: TRUE | U30: FALSE | V30: {=IF(SUMPRODUCT((Cert_Matrix!$A$12:$A$21=E30)*(Cert_Matrix!$L$12:$W$21="X")*(H30:S30=TRUE))<SUMPRODUCT((Cert_Matrix!$A$12:$A$21=E30)*(Cert_Matrix!$L$12:$W$21="X")),"Thiếu chứng nhận","Đủ điều kiện")} -> Đủ điều kiện | Y30: =VLOOKUP(B30,'HC Golf'!C:G,5,0) -> S2
A31: =ROWS($B$5:B29) -> 25 | B31: 5269 | C31: Nguyễn Văn Vũ | D31: CDI Rolling Operator B | E31: Cello Wapper | F31: Golf Rolling | G31: 46003 | H31: TRUE | I31: TRUE | J31: TRUE | K31: FALSE | L31: TRUE | M31: TRUE | N31: FALSE | O31: TRUE | P31: FALSE | Q31: FALSE | R31: FALSE | S31: FALSE | T31: TRUE | U31: FALSE | V31: {=IF(SUMPRODUCT((Cert_Matrix!$A$12:$A$21=E31)*(Cert_Matrix!$L$12:$W$21="X")*(H31:S31=TRUE))<SUMPRODUCT((Cert_Matrix!$A$12:$A$21=E31)*(Cert_Matrix!$L$12:$W$21="X")),"Thiếu chứng nhận","Đủ điều kiện")} -> Đủ điều kiện | Y31: =VLOOKUP(B31,'HC Golf'!C:G,5,0) -> S2
A32: =ROWS($B$5:B30) -> 26 | B32: 5268 | C32: Hồ Thị Diệu | D32: CDI Rolling Operator B | E32: CDI Rolling | F32: Golf Rolling | H32: FALSE | I32: TRUE | J32: FALSE | K32: FALSE | L32: FALSE | M32: FALSE | N32: FALSE | O32: FALSE | P32: FALSE | Q32: FALSE | R32: FALSE | S32: FALSE | T32: TRUE | U32: FALSE | V32: {=IF(SUMPRODUCT((Cert_Matrix!$A$12:$A$21=E32)*(Cert_Matrix!$L$12:$W$21="X")*(H32:S32=TRUE))<SUMPRODUCT((Cert_Matrix!$A$12:$A$21=E32)*(Cert_Matrix!$L$12:$W$21="X")),"Thiếu chứng nhận","Đủ điều kiện")} -> Đủ điều kiện | Y32: =VLOOKUP(B32,'HC Golf'!C:G,5,0) -> S2
A33: =ROWS($B$5:B31) -> 27 | B33: 5276 | C33: Nguyễn Cẩm Ly | D33: CDI Rolling Operator B | E33: Revo Rolling | F33: Golf Rolling | H33: TRUE | I33: TRUE | J33: TRUE | K33: TRUE | L33: FALSE | M33: FALSE | N33: FALSE | O33: FALSE | P33: FALSE | Q33: FALSE | R33: FALSE | S33: FALSE | T33: TRUE | U33: FALSE | V33: {=IF(SUMPRODUCT((Cert_Matrix!$A$12:$A$21=E33)*(Cert_Matrix!$L$12:$W$21="X")*(H33:S33=TRUE))<SUMPRODUCT((Cert_Matrix!$A$12:$A$21=E33)*(Cert_Matrix!$L$12:$W$21="X")),"Thiếu chứng nhận","Đủ điều kiện")} -> Đủ điều kiện | Y33: =VLOOKUP(B33,'HC Golf'!C:G,5,0) -> S2
A34: =ROWS($B$5:B32) -> 28 | B34: 5300 | C34: Nguyễn Thị Cẩm Hằng | D34: CDI Rolling Operator B | E34: CDI Rolling | F34: Golf Rolling | H34: TRUE | I34: TRUE | J34: TRUE | K34: FALSE | L34: FALSE | M34: FALSE | N34: FALSE | O34: FALSE | P34: FALSE | Q34: FALSE | R34: FALSE | S34: FALSE | T34: TRUE | U34: FALSE | V34: {=IF(SUMPRODUCT((Cert_Matrix!$A$12:$A$21=E34)*(Cert_Matrix!$L$12:$W$21="X")*(H34:S34=TRUE))<SUMPRODUCT((Cert_Matrix!$A$12:$A$21=E34)*(Cert_Matrix!$L$12:$W$21="X")),"Thiếu chứng nhận","Đủ điều kiện")} -> Đủ điều kiện | Y34: =VLOOKUP(B34,'HC Golf'!C:G,5,0) -> S2
A35: =ROWS($B$5:B33) -> 29 | B35: 5316 | C35: Trần Văn Chuột | D35: Double Cello Wrapper Operator | E35: Cello Wapper | F35: Golf Rolling | H35: TRUE | I35: TRUE | J35: FALSE | K35: FALSE | L35: TRUE | M35: TRUE | N35: FALSE | O35: TRUE | P35: FALSE | Q35: FALSE | R35: FALSE | S35: FALSE | T35: TRUE | U35: FALSE | V35: {=IF(SUMPRODUCT((Cert_Matrix!$A$12:$A$21=E35)*(Cert_Matrix!$L$12:$W$21="X")*(H35:S35=TRUE))<SUMPRODUCT((Cert_Matrix!$A$12:$A$21=E35)*(Cert_Matrix!$L$12:$W$21="X")),"Thiếu chứng nhận","Đủ điều kiện")} -> Đủ điều kiện | Y35: =VLOOKUP(B35,'HC Golf'!C:G,5,0) -> S2
A36: =ROWS($B$5:B34) -> 30 | B36: 5342 | C36: Trần Thị Mộng Tuyền | D36: CDI Rolling Operator B | E36: CDI Rolling | F36: Golf Rolling | G36: 46131 | H36: TRUE | I36: TRUE | J36: TRUE | K36: FALSE | L36: FALSE | M36: FALSE | N36: FALSE | O36: FALSE | P36: FALSE | Q36: FALSE | R36: FALSE | S36: FALSE | T36: TRUE | U36: FALSE | V36: {=IF(SUMPRODUCT((Cert_Matrix!$A$12:$A$21=E36)*(Cert_Matrix!$L$12:$W$21="X")*(H36:S36=TRUE))<SUMPRODUCT((Cert_Matrix!$A$12:$A$21=E36)*(Cert_Matrix!$L$12:$W$21="X")),"Thiếu chứng nhận","Đủ điều kiện")} -> Đủ điều kiện | Y36: =VLOOKUP(B36,'HC Golf'!C:G,5,0) -> S2
A37: =ROWS($B$5:B35) -> 31 | B37: 5352 | C37: Đỗ Thị Mơ | D37: CDI Rolling Operator B | E37: CDI Rolling | F37: Golf Rolling | H37: TRUE | I37: TRUE | J37: TRUE | K37: FALSE | L37: FALSE | M37: FALSE | N37: FALSE | O37: FALSE | P37: FALSE | Q37: FALSE | R37: FALSE | S37: FALSE | T37: TRUE | U37: FALSE | V37: {=IF(SUMPRODUCT((Cert_Matrix!$A$12:$A$21=E37)*(Cert_Matrix!$L$12:$W$21="X")*(H37:S37=TRUE))<SUMPRODUCT((Cert_Matrix!$A$12:$A$21=E37)*(Cert_Matrix!$L$12:$W$21="X")),"Thiếu chứng nhận","Đủ điều kiện")} -> Đủ điều kiện | Y37: =VLOOKUP(B37,'HC Golf'!C:G,5,0) -> S2
A38: =ROWS($B$5:B36) -> 32 | B38: 40365 | C38: Nguyễn Thị Ca | D38: Production Helper | E38: CDI Rolling | F38: Golf Rolling | G38: 46131 | H38: TRUE | I38: TRUE | J38: TRUE | K38: FALSE | L38: FALSE | M38: FALSE | N38: FALSE | O38: FALSE | P38: FALSE | Q38: FALSE | R38: FALSE | S38: FALSE | T38: TRUE | U38: FALSE | V38: {=IF(SUMPRODUCT((Cert_Matrix!$A$12:$A$21=E38)*(Cert_Matrix!$L$12:$W$21="X")*(H38:S38=TRUE))<SUMPRODUCT((Cert_Matrix!$A$12:$A$21=E38)*(Cert_Matrix!$L$12:$W$21="X")),"Thiếu chứng nhận","Đủ điều kiện")} -> Đủ điều kiện | Y38: =VLOOKUP(B38,'HC Golf'!C:G,5,0) -> S2
A39: =ROWS($B$5:B37) -> 33 | B39: 40578 | C39: Nguyễn Hoàng Nam | D39: Production Helper | E39: Cello Wapper | F39: Golf Rolling | G39: 46131 | H39: FALSE | I39: FALSE | J39: FALSE | K39: FALSE | L39: TRUE | M39: TRUE | N39: FALSE | O39: TRUE | P39: FALSE | Q39: TRUE | R39: FALSE | S39: FALSE | T39: TRUE | U39: FALSE | V39: {=IF(SUMPRODUCT((Cert_Matrix!$A$12:$A$21=E39)*(Cert_Matrix!$L$12:$W$21="X")*(H39:S39=TRUE))<SUMPRODUCT((Cert_Matrix!$A$12:$A$21=E39)*(Cert_Matrix!$L$12:$W$21="X")),"Thiếu chứng nhận","Đủ điều kiện")} -> Đủ điều kiện | Y39: =VLOOKUP(B39,'HC Golf'!C:G,5,0) -> S2
A40: =ROWS($B$5:B38) -> 34 | B40: 40076 | C40: Huỳnh Thị Kim Anh | D40: Production Helper | E40: Auto Rolling | F40: Golf Rolling | G40: 46131 | H40: TRUE | I40: TRUE | J40: TRUE | K40: TRUE | L40: FALSE | M40: FALSE | N40: FALSE | O40: FALSE | P40: FALSE | Q40: FALSE | R40: FALSE | S40: TRUE | T40: TRUE | U40: FALSE | V40: {=IF(SUMPRODUCT((Cert_Matrix!$A$12:$A$21=E40)*(Cert_Matrix!$L$12:$W$21="X")*(H40:S40=TRUE))<SUMPRODUCT((Cert_Matrix!$A$12:$A$21=E40)*(Cert_Matrix!$L$12:$W$21="X")),"Thiếu chứng nhận","Đủ điều kiện")} -> Đủ điều kiện | Y40: =VLOOKUP(B40,'HC Golf'!C:G,5,0) -> S2
A41: =ROWS($B$5:B39) -> 35 | B41: 40150 | C41: Huỳnh Văn Liệt | D41: Production Helper | E41: Mandrel | F41: Golf Rolling | G41: 46003 | H41: FALSE | I41: FALSE | J41: FALSE | K41: FALSE | L41: FALSE | M41: FALSE | N41: TRUE | O41: TRUE | P41: TRUE | Q41: FALSE | R41: FALSE | S41: FALSE | T41: TRUE | U41: FALSE | V41: {=IF(SUMPRODUCT((Cert_Matrix!$A$12:$A$21=E41)*(Cert_Matrix!$L$12:$W$21="X")*(H41:S41=TRUE))<SUMPRODUCT((Cert_Matrix!$A$12:$A$21=E41)*(Cert_Matrix!$L$12:$W$21="X")),"Thiếu chứng nhận","Đủ điều kiện")} -> Đủ điều kiện | Y41: =VLOOKUP(B41,'HC Golf'!C:G,5,0) -> S2
A42: =ROWS($B$5:B40) -> 36 | B42: 39950 | C42: Trang Văn Thuộc | D42: Production Helper | E42: Cello Wapper | F42: Golf Rolling | G42: 45892 | H42: FALSE | I42: FALSE | J42: FALSE | K42: FALSE | L42: TRUE | M42: FALSE | N42: FALSE | O42: FALSE | P42: FALSE | Q42: FALSE | R42: FALSE | S42: FALSE | T42: TRUE | U42: FALSE | V42: {=IF(SUMPRODUCT((Cert_Matrix!$A$12:$A$21=E42)*(Cert_Matrix!$L$12:$W$21="X")*(H42:S42=TRUE))<SUMPRODUCT((Cert_Matrix!$A$12:$A$21=E42)*(Cert_Matrix!$L$12:$W$21="X")),"Thiếu chứng nhận","Đủ điều kiện")} -> Đủ điều kiện | Y42: =VLOOKUP(B42,'HC Golf'!C:G,5,0) -> S2
A43: =ROWS($B$5:B41) -> 37 | B43: 39953 | C43: Trịnh Thị Yến Như | D43: Production Helper | E43: Revo Rolling | F43: Golf Rolling | G43: 46131 | H43: TRUE | I43: TRUE | J43: TRUE | K43: FALSE | L43: FALSE | M43: FALSE | N43: FALSE | O43: FALSE | P43: FALSE | Q43: FALSE | R43: FALSE | S43: FALSE | T43: TRUE | U43: FALSE | V43: {=IF(SUMPRODUCT((Cert_Matrix!$A$12:$A$21=E43)*(Cert_Matrix!$L$12:$W$21="X")*(H43:S43=TRUE))<SUMPRODUCT((Cert_Matrix!$A$12:$A$21=E43)*(Cert_Matrix!$L$12:$W$21="X")),"Thiếu chứng nhận","Đủ điều kiện")} -> Đủ điều kiện | Y43: =VLOOKUP(B43,'HC Golf'!C:G,5,0) -> S2
A44: =ROWS($B$5:B42) -> 38 | B44: 40637 | C44: Trần Cẩm Tú | D44: Production Helper | E44: CDI Rolling | F44: Golf Rolling | G44: 46131 | H44: TRUE | I44: TRUE | J44: TRUE | K44: FALSE | L44: FALSE | M44: FALSE | N44: FALSE | O44: FALSE | P44: FALSE | Q44: FALSE | R44: FALSE | S44: FALSE | T44: TRUE | U44: FALSE | V44: {=IF(SUMPRODUCT((Cert_Matrix!$A$12:$A$21=E44)*(Cert_Matrix!$L$12:$W$21="X")*(H44:S44=TRUE))<SUMPRODUCT((Cert_Matrix!$A$12:$A$21=E44)*(Cert_Matrix!$L$12:$W$21="X")),"Thiếu chứng nhận","Đủ điều kiện")} -> Đủ điều kiện | Y44: =VLOOKUP(B44,'HC Golf'!C:G,5,0) -> S2
A45: =ROWS($B$5:B43) -> 39 | B45: 40004 | C45: Tô Nguyễn Bảo Ngân | D45: Production Helper | E45: CDI Rolling | F45: Golf Rolling | G45: 46131 | H45: TRUE | I45: TRUE | J45: TRUE | K45: FALSE | L45: FALSE | M45: FALSE | N45: FALSE | O45: FALSE | P45: FALSE | Q45: FALSE | R45: FALSE | S45: FALSE | T45: TRUE | U45: FALSE | V45: {=IF(SUMPRODUCT((Cert_Matrix!$A$12:$A$21=E45)*(Cert_Matrix!$L$12:$W$21="X")*(H45:S45=TRUE))<SUMPRODUCT((Cert_Matrix!$A$12:$A$21=E45)*(Cert_Matrix!$L$12:$W$21="X")),"Thiếu chứng nhận","Đủ điều kiện")} -> Đủ điều kiện | Y45: =VLOOKUP(B45,'HC Golf'!C:G,5,0) -> S2
A46: =ROWS($B$5:B44) -> 40 | B46: 40157 | C46: Dương Hoài Phương | D46: Production Helper | E46: Revo Rolling | F46: Golf Rolling | G46: 46131 | H46: TRUE | I46: TRUE | J46: TRUE | K46: FALSE | L46: FALSE | M46: FALSE | N46: FALSE | O46: FALSE | P46: FALSE | Q46: FALSE | R46: FALSE | S46: FALSE | T46: TRUE | U46: FALSE | V46: {=IF(SUMPRODUCT((Cert_Matrix!$A$12:$A$21=E46)*(Cert_Matrix!$L$12:$W$21="X")*(H46:S46=TRUE))<SUMPRODUCT((Cert_Matrix!$A$12:$A$21=E46)*(Cert_Matrix!$L$12:$W$21="X")),"Thiếu chứng nhận","Đủ điều kiện")} -> Đủ điều kiện | Y46: =VLOOKUP(B46,'HC Golf'!C:G,5,0) -> S2
A47: =ROWS($B$5:B46) -> 42 | B47: 40285 | C47: Nguyễn Hồng Lam | D47: Production Helper | E47: CDI Rolling | F47: Golf Rolling | G47: 46131 | H47: TRUE | I47: TRUE | J47: TRUE | K47: FALSE | L47: FALSE | M47: FALSE | N47: FALSE | O47: FALSE | P47: FALSE | Q47: FALSE | R47: FALSE | S47: FALSE | T47: TRUE | U47: FALSE | V47: {=IF(SUMPRODUCT((Cert_Matrix!$A$12:$A$21=E47)*(Cert_Matrix!$L$12:$W$21="X")*(H47:S47=TRUE))<SUMPRODUCT((Cert_Matrix!$A$12:$A$21=E47)*(Cert_Matrix!$L$12:$W$21="X")),"Thiếu chứng nhận","Đủ điều kiện")} -> Đủ điều kiện | Y47: =VLOOKUP(B47,'HC Golf'!C:G,5,0) -> S2
A48: =ROWS($B$5:B46) -> 42 | B48: 40403 | C48: Trần Quốc Huy | D48: Production Helper | E48: Mandrel | F48: Golf Rolling | G48: 46089 | H48: FALSE | I48: TRUE | J48: FALSE | K48: FALSE | L48: TRUE | M48: TRUE | N48: TRUE | O48: TRUE | P48: TRUE | Q48: TRUE | R48: TRUE | S48: FALSE | T48: TRUE | U48: FALSE | V48: {=IF(SUMPRODUCT((Cert_Matrix!$A$12:$A$21=E48)*(Cert_Matrix!$L$12:$W$21="X")*(H48:S48=TRUE))<SUMPRODUCT((Cert_Matrix!$A$12:$A$21=E48)*(Cert_Matrix!$L$12:$W$21="X")),"Thiếu chứng nhận","Đủ điều kiện")} -> Đủ điều kiện | Y48: =VLOOKUP(B48,'HC Golf'!C:G,5,0) -> S2
A49: =ROWS($B$5:B47) -> 43 | B49: 40479 | C49: Phan Văn Tèo | D49: Production Helper | E49: CDI Rolling | F49: Golf Rolling | G49: 46090 | H49: TRUE | I49: TRUE | J49: FALSE | K49: FALSE | L49: TRUE | M49: TRUE | N49: FALSE | O49: TRUE | P49: FALSE | Q49: FALSE | R49: FALSE | S49: FALSE | T49: TRUE | U49: FALSE | V49: {=IF(SUMPRODUCT((Cert_Matrix!$A$12:$A$21=E49)*(Cert_Matrix!$L$12:$W$21="X")*(H49:S49=TRUE))<SUMPRODUCT((Cert_Matrix!$A$12:$A$21=E49)*(Cert_Matrix!$L$12:$W$21="X")),"Thiếu chứng nhận","Đủ điều kiện")} -> Đủ điều kiện | Y49: =VLOOKUP(B49,'HC Golf'!C:G,5,0) -> S2
A50: =ROWS($B$5:B49) -> 45 | B50: 40569 | C50: Lê Thị Tố Như | D50: Production Helper | E50: Revo Rolling | F50: Golf Rolling | G50: 46130 | H50: TRUE | I50: TRUE | J50: TRUE | K50: FALSE | L50: FALSE | M50: FALSE | N50: FALSE | O50: FALSE | P50: FALSE | Q50: FALSE | R50: FALSE | S50: FALSE | T50: TRUE | U50: FALSE | V50: {=IF(SUMPRODUCT((Cert_Matrix!$A$12:$A$21=E50)*(Cert_Matrix!$L$12:$W$21="X")*(H50:S50=TRUE))<SUMPRODUCT((Cert_Matrix!$A$12:$A$21=E50)*(Cert_Matrix!$L$12:$W$21="X")),"Thiếu chứng nhận","Đủ điều kiện")} -> Đủ điều kiện | Y50: =VLOOKUP(B50,'HC Golf'!C:G,5,0) -> S2
A51: =ROWS($B$5:B49) -> 45 | B51: 40593 | C51: Võ Mỹ Hằng | D51: Production Helper | E51: Revo Rolling | F51: Golf Rolling | G51: 46130 | H51: TRUE | I51: TRUE | J51: TRUE | K51: FALSE | L51: FALSE | M51: FALSE | N51: FALSE | O51: FALSE | P51: FALSE | Q51: FALSE | R51: FALSE | S51: FALSE | T51: TRUE | U51: FALSE | V51: {=IF(SUMPRODUCT((Cert_Matrix!$A$12:$A$21=E51)*(Cert_Matrix!$L$12:$W$21="X")*(H51:S51=TRUE))<SUMPRODUCT((Cert_Matrix!$A$12:$A$21=E51)*(Cert_Matrix!$L$12:$W$21="X")),"Thiếu chứng nhận","Đủ điều kiện")} -> Đủ điều kiện | Y51: =VLOOKUP(B51,'HC Golf'!C:G,5,0) -> S2
A52: =ROWS($B$5:B50) -> 46 | B52: 0651 | C52: Thạch Hòa | D52: Leader | F52: Golf Rolling | H52: TRUE | I52: TRUE | J52: TRUE | K52: TRUE | L52: TRUE | M52: TRUE | N52: TRUE | O52: TRUE | P52: TRUE | Q52: TRUE | R52: TRUE | S52: TRUE | T52: TRUE | U52: TRUE | V52: {=IF(SUMPRODUCT((Cert_Matrix!$A$12:$A$21=E52)*(Cert_Matrix!$L$12:$W$21="X")*(H52:S52=TRUE))<SUMPRODUCT((Cert_Matrix!$A$12:$A$21=E52)*(Cert_Matrix!$L$12:$W$21="X")),"Thiếu chứng nhận","Đủ điều kiện")} -> Đủ điều kiện | Y52: =VLOOKUP(B52,'HC Golf'!C:G,5,0) -> S3
A53: =ROWS($B$5:B51) -> 47 | B53: 4425 | C53: Nguyễn Thị Biên | D53: Revo Rolling Operator B | E53: Revo Rolling | F53: Golf Rolling | G53: 46058 | H53: TRUE | I53: TRUE | J53: TRUE | K53: FALSE | L53: FALSE | M53: FALSE | N53: FALSE | O53: FALSE | P53: FALSE | Q53: FALSE | R53: FALSE | S53: FALSE | T53: TRUE | U53: FALSE | V53: {=IF(SUMPRODUCT((Cert_Matrix!$A$12:$A$21=E53)*(Cert_Matrix!$L$12:$W$21="X")*(H53:S53=TRUE))<SUMPRODUCT((Cert_Matrix!$A$12:$A$21=E53)*(Cert_Matrix!$L$12:$W$21="X")),"Thiếu chứng nhận","Đủ điều kiện")} -> Đủ điều kiện | Y53: =VLOOKUP(B53,'HC Golf'!C:G,5,0) -> S3
A54: =ROWS($B$5:B52) -> 48 | B54: 4558 | C54: Lê Thị Phương | D54: CDI Rolling Operator A | E54: CDI Rolling | F54: Golf Rolling | H54: TRUE | I54: TRUE | J54: TRUE | K54: FALSE | L54: FALSE | M54: FALSE | N54: FALSE | O54: FALSE | P54: FALSE | Q54: FALSE | R54: FALSE | S54: FALSE | T54: TRUE | U54: TRUE | V54: {=IF(SUMPRODUCT((Cert_Matrix!$A$12:$A$21=E54)*(Cert_Matrix!$L$12:$W$21="X")*(H54:S54=TRUE))<SUMPRODUCT((Cert_Matrix!$A$12:$A$21=E54)*(Cert_Matrix!$L$12:$W$21="X")),"Thiếu chứng nhận","Đủ điều kiện")} -> Đủ điều kiện | Y54: =VLOOKUP(B54,'HC Golf'!C:G,5,0) -> S3
A55: =ROWS($B$5:B53) -> 49 | B55: 1459 | C55: Nguyễn Kim Nguyên | D55: Mandrel Cleaner Operator | E55: Mandrel | F55: Golf Rolling | H55: FALSE | I55: FALSE | J55: FALSE | K55: FALSE | L55: FALSE | M55: FALSE | N55: FALSE | O55: FALSE | P55: FALSE | Q55: FALSE | R55: FALSE | S55: FALSE | T55: FALSE | U55: FALSE | V55: {=IF(SUMPRODUCT((Cert_Matrix!$A$12:$A$21=E55)*(Cert_Matrix!$L$12:$W$21="X")*(H55:S55=TRUE))<SUMPRODUCT((Cert_Matrix!$A$12:$A$21=E55)*(Cert_Matrix!$L$12:$W$21="X")),"Thiếu chứng nhận","Đủ điều kiện")} -> Đủ điều kiện | Y55: =VLOOKUP(B55,'HC Golf'!C:G,5,0) -> S3
A56: =ROWS($B$5:B54) -> 50 | B56: 4441 | C56: Trương Văn Kiệt | D56: Process Trainer | E56: CDI Rolling | F56: Golf Rolling | H56: TRUE | I56: TRUE | J56: TRUE | K56: TRUE | L56: TRUE | M56: TRUE | N56: TRUE | O56: TRUE | P56: TRUE | Q56: TRUE | R56: TRUE | S56: TRUE | T56: TRUE | U56: TRUE | V56: {=IF(SUMPRODUCT((Cert_Matrix!$A$12:$A$21=E56)*(Cert_Matrix!$L$12:$W$21="X")*(H56:S56=TRUE))<SUMPRODUCT((Cert_Matrix!$A$12:$A$21=E56)*(Cert_Matrix!$L$12:$W$21="X")),"Thiếu chứng nhận","Đủ điều kiện")} -> Đủ điều kiện | Y56: =VLOOKUP(B56,'HC Golf'!C:G,5,0) -> S3
A57: =ROWS($B$5:B55) -> 51 | B57: 4705 | C57: Nguyễn Thị Cẩm Tiên | D57: Group Cell | E57: Revo Rolling | F57: Golf Rolling | H57: TRUE | I57: TRUE | J57: TRUE | K57: TRUE | L57: FALSE | M57: FALSE | N57: FALSE | O57: FALSE | P57: FALSE | Q57: FALSE | R57: FALSE | S57: FALSE | T57: TRUE | U57: TRUE | V57: {=IF(SUMPRODUCT((Cert_Matrix!$A$12:$A$21=E57)*(Cert_Matrix!$L$12:$W$21="X")*(H57:S57=TRUE))<SUMPRODUCT((Cert_Matrix!$A$12:$A$21=E57)*(Cert_Matrix!$L$12:$W$21="X")),"Thiếu chứng nhận","Đủ điều kiện")} -> Đủ điều kiện | Y57: =VLOOKUP(B57,'HC Golf'!C:G,5,0) -> S3
A58: =ROWS($B$5:B56) -> 52 | B58: 3377 | C58: Ngô Thị Phước | D58: Revo Rolling Operator B | E58: Revo Rolling | F58: Golf Rolling | H58: TRUE | I58: TRUE | J58: TRUE | K58: FALSE | L58: FALSE | M58: FALSE | N58: FALSE | O58: FALSE | P58: FALSE | Q58: FALSE | R58: FALSE | S58: FALSE | T58: TRUE | U58: FALSE | V58: {=IF(SUMPRODUCT((Cert_Matrix!$A$12:$A$21=E58)*(Cert_Matrix!$L$12:$W$21="X")*(H58:S58=TRUE))<SUMPRODUCT((Cert_Matrix!$A$12:$A$21=E58)*(Cert_Matrix!$L$12:$W$21="X")),"Thiếu chứng nhận","Đủ điều kiện")} -> Đủ điều kiện | Y58: =VLOOKUP(B58,'HC Golf'!C:G,5,0) -> S3
A59: =ROWS($B$5:B57) -> 53 | B59: 4861 | C59: Nguyễn Thị Ngọc Nang | D59: Revo Rolling Operator A | E59: Auto Rolling | F59: Golf Rolling | H59: FALSE | I59: TRUE | J59: TRUE | K59: TRUE | L59: FALSE | M59: FALSE | N59: FALSE | O59: FALSE | P59: FALSE | Q59: FALSE | R59: FALSE | S59: FALSE | T59: TRUE | U59: FALSE | V59: {=IF(SUMPRODUCT((Cert_Matrix!$A$12:$A$21=E59)*(Cert_Matrix!$L$12:$W$21="X")*(H59:S59=TRUE))<SUMPRODUCT((Cert_Matrix!$A$12:$A$21=E59)*(Cert_Matrix!$L$12:$W$21="X")),"Thiếu chứng nhận","Đủ điều kiện")} -> Đủ điều kiện | Y59: =VLOOKUP(B59,'HC Golf'!C:G,5,0) -> S3
A60: =ROWS($B$5:B58) -> 54 | B60: 0285 | C60: Nguyễn Minh Thật | D60: Oven Operator A | E60: Oven Operator | F60: Golf Rolling | H60: FALSE | I60: FALSE | J60: FALSE | K60: FALSE | L60: FALSE | M60: FALSE | N60: TRUE | O60: TRUE | P60: TRUE | Q60: TRUE | R60: TRUE | S60: FALSE | T60: TRUE | U60: TRUE | V60: {=IF(SUMPRODUCT((Cert_Matrix!$A$12:$A$21=E60)*(Cert_Matrix!$L$12:$W$21="X")*(H60:S60=TRUE))<SUMPRODUCT((Cert_Matrix!$A$12:$A$21=E60)*(Cert_Matrix!$L$12:$W$21="X")),"Thiếu chứng nhận","Đủ điều kiện")} -> Đủ điều kiện | Y60: =VLOOKUP(B60,'HC Golf'!C:G,5,0) -> S3
A61: =ROWS($B$5:B59) -> 55 | B61: 3572 | C61: Phan Thị Anh Thư | D61: Revo Rolling Operator B | E61: Revo Rolling | F61: Golf Rolling | G61: 46092 | H61: TRUE | I61: TRUE | J61: TRUE | K61: FALSE | L61: FALSE | M61: FALSE | N61: FALSE | O61: FALSE | P61: FALSE | Q61: FALSE | R61: FALSE | S61: FALSE | T61: TRUE | U61: TRUE | V61: {=IF(SUMPRODUCT((Cert_Matrix!$A$12:$A$21=E61)*(Cert_Matrix!$L$12:$W$21="X")*(H61:S61=TRUE))<SUMPRODUCT((Cert_Matrix!$A$12:$A$21=E61)*(Cert_Matrix!$L$12:$W$21="X")),"Thiếu chứng nhận","Đủ điều kiện")} -> Đủ điều kiện | Y61: =VLOOKUP(B61,'HC Golf'!C:G,5,0) -> S3
A62: =ROWS($B$5:B60) -> 56 | B62: 4918 | C62: Lê Văn Thuộc | D62: Cello Wrapper Operator B | E62: Cello Wapper | F62: Golf Rolling | H62: FALSE | I62: FALSE | J62: FALSE | K62: FALSE | L62: TRUE | M62: TRUE | N62: FALSE | O62: FALSE | P62: FALSE | Q62: FALSE | R62: FALSE | S62: FALSE | T62: FALSE | U62: FALSE | V62: {=IF(SUMPRODUCT((Cert_Matrix!$A$12:$A$21=E62)*(Cert_Matrix!$L$12:$W$21="X")*(H62:S62=TRUE))<SUMPRODUCT((Cert_Matrix!$A$12:$A$21=E62)*(Cert_Matrix!$L$12:$W$21="X")),"Thiếu chứng nhận","Đủ điều kiện")} -> Đủ điều kiện | Y62: =VLOOKUP(B62,'HC Golf'!C:G,5,0) -> S3
A63: =ROWS($B$5:B61) -> 57 | B63: 4254 | C63: Trương Thị Bích Dân | D63: CDI Rolling Operator B | E63: CDI Rolling | F63: Golf Rolling | H63: FALSE | I63: TRUE | J63: TRUE | K63: FALSE | L63: FALSE | M63: FALSE | N63: FALSE | O63: FALSE | P63: FALSE | Q63: FALSE | R63: FALSE | S63: FALSE | T63: TRUE | U63: FALSE | V63: {=IF(SUMPRODUCT((Cert_Matrix!$A$12:$A$21=E63)*(Cert_Matrix!$L$12:$W$21="X")*(H63:S63=TRUE))<SUMPRODUCT((Cert_Matrix!$A$12:$A$21=E63)*(Cert_Matrix!$L$12:$W$21="X")),"Thiếu chứng nhận","Đủ điều kiện")} -> Đủ điều kiện | Y63: =VLOOKUP(B63,'HC Golf'!C:G,5,0) -> S3
A64: =ROWS($B$5:B62) -> 58 | B64: 4752 | C64: Lương Thị Phượng | D64: Revo Rolling Operator B | E64: CDI Rolling | F64: Golf Rolling | H64: TRUE | I64: TRUE | J64: TRUE | K64: FALSE | L64: FALSE | M64: FALSE | N64: FALSE | O64: FALSE | P64: FALSE | Q64: FALSE | R64: FALSE | S64: FALSE | T64: TRUE | U64: TRUE | V64: {=IF(SUMPRODUCT((Cert_Matrix!$A$12:$A$21=E64)*(Cert_Matrix!$L$12:$W$21="X")*(H64:S64=TRUE))<SUMPRODUCT((Cert_Matrix!$A$12:$A$21=E64)*(Cert_Matrix!$L$12:$W$21="X")),"Thiếu chứng nhận","Đủ điều kiện")} -> Đủ điều kiện | Y64: =VLOOKUP(B64,'HC Golf'!C:G,5,0) -> S3
A65: =ROWS($B$5:B64) -> 60 | B65: 5198 | C65: Dương Quốc Tính | D65: CDI Rolling Operator A | E65: CDI Rolling | F65: Golf Rolling | G65: 46126 | H65: TRUE | I65: TRUE | J65: TRUE | K65: FALSE | L65: TRUE | M65: FALSE | N65: TRUE | O65: TRUE | P65: TRUE | Q65: FALSE | R65: FALSE | S65: FALSE | T65: TRUE | U65: TRUE | V65: {=IF(SUMPRODUCT((Cert_Matrix!$A$12:$A$21=E65)*(Cert_Matrix!$L$12:$W$21="X")*(H65:S65=TRUE))<SUMPRODUCT((Cert_Matrix!$A$12:$A$21=E65)*(Cert_Matrix!$L$12:$W$21="X")),"Thiếu chứng nhận","Đủ điều kiện")} -> Đủ điều kiện | Y65: =VLOOKUP(B65,'HC Golf'!C:G,5,0) -> S3
A66: =ROWS($B$5:B64) -> 60 | B66: 5199 | C66: Nguyễn Thị Ngọc Sương | D66: CDI Rolling Operator B | E66: Khắc Laser | F66: Golf Rolling | H66: FALSE | I66: FALSE | J66: FALSE | K66: FALSE | L66: FALSE | M66: FALSE | N66: FALSE | O66: FALSE | P66: FALSE | Q66: FALSE | R66: FALSE | S66: TRUE | T66: FALSE | U66: FALSE | V66: {=IF(SUMPRODUCT((Cert_Matrix!$A$12:$A$21=E66)*(Cert_Matrix!$L$12:$W$21="X")*(H66:S66=TRUE))<SUMPRODUCT((Cert_Matrix!$A$12:$A$21=E66)*(Cert_Matrix!$L$12:$W$21="X")),"Thiếu chứng nhận","Đủ điều kiện")} -> Đủ điều kiện | Y66: =VLOOKUP(B66,'HC Golf'!C:G,5,0) -> S1
A67: =ROWS($B$5:B65) -> 61 | B67: 5223 | C67: Nguyễn Thị Lệ Thi | D67: CDI Rolling Operator A | E67: Auto Rolling | F67: Golf Rolling | G67: 46126 | H67: TRUE | I67: TRUE | J67: TRUE | K67: TRUE | L67: FALSE | M67: FALSE | N67: FALSE | O67: FALSE | P67: FALSE | Q67: FALSE | R67: FALSE | S67: FALSE | T67: TRUE | U67: TRUE | V67: {=IF(SUMPRODUCT((Cert_Matrix!$A$12:$A$21=E67)*(Cert_Matrix!$L$12:$W$21="X")*(H67:S67=TRUE))<SUMPRODUCT((Cert_Matrix!$A$12:$A$21=E67)*(Cert_Matrix!$L$12:$W$21="X")),"Thiếu chứng nhận","Đủ điều kiện")} -> Đủ điều kiện | Y67: =VLOOKUP(B67,'HC Golf'!C:G,5,0) -> S3
A68: =ROWS($B$5:B66) -> 62 | B68: 5254 | C68: Đoàn Thị Thu | D68: CDI Rolling Operator B | E68: CDI Rolling | F68: Golf Rolling | G68: 46058 | H68: TRUE | I68: TRUE | J68: TRUE | K68: FALSE | L68: FALSE | M68: FALSE | N68: FALSE | O68: FALSE | P68: FALSE | Q68: FALSE | R68: FALSE | S68: FALSE | T68: TRUE | U68: FALSE | V68: {=IF(SUMPRODUCT((Cert_Matrix!$A$12:$A$21=E68)*(Cert_Matrix!$L$12:$W$21="X")*(H68:S68=TRUE))<SUMPRODUCT((Cert_Matrix!$A$12:$A$21=E68)*(Cert_Matrix!$L$12:$W$21="X")),"Thiếu chứng nhận","Đủ điều kiện")} -> Đủ điều kiện | Y68: =VLOOKUP(B68,'HC Golf'!C:G,5,0) -> S3
A69: =ROWS($B$5:B67) -> 63 | B69: 5256 | C69: Hồ Trung Kiên | D69: CDI Rolling Operator B | E69: CDI Rolling | F69: Golf Rolling | H69: TRUE | I69: TRUE | J69: FALSE | K69: FALSE | L69: TRUE | M69: FALSE | N69: TRUE | O69: TRUE | P69: TRUE | Q69: TRUE | R69: FALSE | S69: FALSE | T69: TRUE | U69: TRUE | V69: {=IF(SUMPRODUCT((Cert_Matrix!$A$12:$A$21=E69)*(Cert_Matrix!$L$12:$W$21="X")*(H69:S69=TRUE))<SUMPRODUCT((Cert_Matrix!$A$12:$A$21=E69)*(Cert_Matrix!$L$12:$W$21="X")),"Thiếu chứng nhận","Đủ điều kiện")} -> Đủ điều kiện | Y69: =VLOOKUP(B69,'HC Golf'!C:G,5,0) -> S3
A70: =ROWS($B$5:B68) -> 64 | B70: 5277 | C70: Nguyễn Thị Yến Nhi | D70: CDI Rolling Operator B | E70: Revo Rolling | F70: Golf Rolling | H70: TRUE | I70: TRUE | J70: TRUE | K70: TRUE | L70: FALSE | M70: FALSE | N70: FALSE | O70: FALSE | P70: FALSE | Q70: FALSE | R70: FALSE | S70: FALSE | T70: TRUE | U70: FALSE | V70: {=IF(SUMPRODUCT((Cert_Matrix!$A$12:$A$21=E70)*(Cert_Matrix!$L$12:$W$21="X")*(H70:S70=TRUE))<SUMPRODUCT((Cert_Matrix!$A$12:$A$21=E70)*(Cert_Matrix!$L$12:$W$21="X")),"Thiếu chứng nhận","Đủ điều kiện")} -> Đủ điều kiện | Y70: =VLOOKUP(B70,'HC Golf'!C:G,5,0) -> S3
A71: =ROWS($B$5:B69) -> 65 | B71: 5291 | C71: Trần Văn Đạt | D71: Cello Wrapper Operator B | E71: Oven Operator | F71: Golf Rolling | G71: 45955 | H71: FALSE | I71: FALSE | J71: FALSE | K71: FALSE | L71: FALSE | M71: FALSE | N71: TRUE | O71: TRUE | P71: TRUE | Q71: FALSE | R71: TRUE | S71: FALSE | T71: TRUE | U71: TRUE | V71: {=IF(SUMPRODUCT((Cert_Matrix!$A$12:$A$21=E71)*(Cert_Matrix!$L$12:$W$21="X")*(H71:S71=TRUE))<SUMPRODUCT((Cert_Matrix!$A$12:$A$21=E71)*(Cert_Matrix!$L$12:$W$21="X")),"Thiếu chứng nhận","Đủ điều kiện")} -> Đủ điều kiện | Y71: =VLOOKUP(B71,'HC Golf'!C:G,5,0) -> S3
A72: =ROWS($B$5:B70) -> 66 | B72: 5317 | C72: Trần Văn Thi | D72: Double Cello Wrapper Operator | E72: Cello Wapper | F72: Golf Rolling | G72: 46053 | H72: FALSE | I72: FALSE | J72: FALSE | K72: FALSE | L72: TRUE | M72: TRUE | N72: FALSE | O72: TRUE | P72: FALSE | Q72: FALSE | R72: FALSE | S72: FALSE | T72: TRUE | U72: FALSE | V72: {=IF(SUMPRODUCT((Cert_Matrix!$A$12:$A$21=E72)*(Cert_Matrix!$L$12:$W$21="X")*(H72:S72=TRUE))<SUMPRODUCT((Cert_Matrix!$A$12:$A$21=E72)*(Cert_Matrix!$L$12:$W$21="X")),"Thiếu chứng nhận","Đủ điều kiện")} -> Đủ điều kiện | Y72: =VLOOKUP(B72,'HC Golf'!C:G,5,0) -> S3
A73: =ROWS($B$5:B71) -> 67 | B73: 5328 | C73: Phan Minh Thiện | D73: CDI Rolling Operator B | E73: CDI Rolling | F73: Golf Rolling | G73: 46126 | H73: TRUE | I73: TRUE | J73: TRUE | K73: FALSE | L73: TRUE | M73: TRUE | N73: TRUE | O73: TRUE | P73: TRUE | Q73: FALSE | R73: FALSE | S73: FALSE | T73: TRUE | U73: TRUE | V73: {=IF(SUMPRODUCT((Cert_Matrix!$A$12:$A$21=E73)*(Cert_Matrix!$L$12:$W$21="X")*(H73:S73=TRUE))<SUMPRODUCT((Cert_Matrix!$A$12:$A$21=E73)*(Cert_Matrix!$L$12:$W$21="X")),"Thiếu chứng nhận","Đủ điều kiện")} -> Đủ điều kiện | Y73: =VLOOKUP(B73,'HC Golf'!C:G,5,0) -> S3
A74: =ROWS($B$5:B72) -> 68 | B74: 5329 | C74: Đỗ Thị Thùy Duyên | D74: CDI Rolling Operator B | E74: CDI Rolling | F74: Golf Rolling | H74: FALSE | I74: TRUE | J74: TRUE | K74: FALSE | L74: FALSE | M74: FALSE | N74: FALSE | O74: FALSE | P74: FALSE | Q74: FALSE | R74: FALSE | S74: FALSE | T74: TRUE | U74: TRUE | V74: {=IF(SUMPRODUCT((Cert_Matrix!$A$12:$A$21=E74)*(Cert_Matrix!$L$12:$W$21="X")*(H74:S74=TRUE))<SUMPRODUCT((Cert_Matrix!$A$12:$A$21=E74)*(Cert_Matrix!$L$12:$W$21="X")),"Thiếu chứng nhận","Đủ điều kiện")} -> Đủ điều kiện | Y74: =VLOOKUP(B74,'HC Golf'!C:G,5,0) -> S3
A75: =ROWS($B$5:B73) -> 69 | B75: 40363 | C75: Nguyễn Thị Liểu | D75: Production Helper | E75: CDI Rolling | F75: Golf Rolling | H75: TRUE | I75: TRUE | J75: FALSE | K75: FALSE | L75: FALSE | M75: FALSE | N75: FALSE | O75: FALSE | P75: FALSE | Q75: FALSE | R75: FALSE | S75: FALSE | T75: TRUE | U75: TRUE | V75: {=IF(SUMPRODUCT((Cert_Matrix!$A$12:$A$21=E75)*(Cert_Matrix!$L$12:$W$21="X")*(H75:S75=TRUE))<SUMPRODUCT((Cert_Matrix!$A$12:$A$21=E75)*(Cert_Matrix!$L$12:$W$21="X")),"Thiếu chứng nhận","Đủ điều kiện")} -> Đủ điều kiện | Y75: =VLOOKUP(B75,'HC Golf'!C:G,5,0) -> S3
A76: =ROWS($B$5:B74) -> 70 | B76: 5392 | C76: Lã Ngọc Hoàng Lan | D76: CDI Rolling Operator B | E76: Revo Rolling | F76: Golf Rolling | H76: FALSE | I76: TRUE | J76: TRUE | K76: FALSE | L76: FALSE | M76: FALSE | N76: FALSE | O76: FALSE | P76: FALSE | Q76: FALSE | R76: FALSE | S76: FALSE | T76: TRUE | U76: TRUE | V76: {=IF(SUMPRODUCT((Cert_Matrix!$A$12:$A$21=E76)*(Cert_Matrix!$L$12:$W$21="X")*(H76:S76=TRUE))<SUMPRODUCT((Cert_Matrix!$A$12:$A$21=E76)*(Cert_Matrix!$L$12:$W$21="X")),"Thiếu chứng nhận","Đủ điều kiện")} -> Đủ điều kiện | Y76: =VLOOKUP(B76,'HC Golf'!C:G,5,0) -> S3
A77: =ROWS($B$5:B75) -> 71 | B77: 40699 | C77: Lê Thị Hoa | D77: Production Helper | E77: CDI Rolling | F77: Golf Rolling | G77: 45955 | H77: TRUE | I77: TRUE | J77: TRUE | K77: FALSE | L77: FALSE | M77: FALSE | N77: FALSE | O77: FALSE | P77: FALSE | Q77: FALSE | R77: FALSE | S77: FALSE | T77: TRUE | U77: TRUE | V77: {=IF(SUMPRODUCT((Cert_Matrix!$A$12:$A$21=E77)*(Cert_Matrix!$L$12:$W$21="X")*(H77:S77=TRUE))<SUMPRODUCT((Cert_Matrix!$A$12:$A$21=E77)*(Cert_Matrix!$L$12:$W$21="X")),"Thiếu chứng nhận","Đủ điều kiện")} -> Đủ điều kiện | Y77: =VLOOKUP(B77,'HC Golf'!C:G,5,0) -> S3
A78: =ROWS($B$5:B76) -> 72 | B78: 40148 | C78: Nguyễn Thị Phương Lan | D78: Production Helper | E78: CDI Rolling | F78: Golf Rolling | H78: TRUE | I78: TRUE | J78: FALSE | K78: FALSE | L78: FALSE | M78: FALSE | N78: FALSE | O78: FALSE | P78: FALSE | Q78: FALSE | R78: FALSE | S78: FALSE | T78: TRUE | U78: TRUE | V78: {=IF(SUMPRODUCT((Cert_Matrix!$A$12:$A$21=E78)*(Cert_Matrix!$L$12:$W$21="X")*(H78:S78=TRUE))<SUMPRODUCT((Cert_Matrix!$A$12:$A$21=E78)*(Cert_Matrix!$L$12:$W$21="X")),"Thiếu chứng nhận","Đủ điều kiện")} -> Đủ điều kiện | Y78: =VLOOKUP(B78,'HC Golf'!C:G,5,0) -> S3
A79: =ROWS($B$5:B77) -> 73 | B79: 5393 | C79: Nguyễn Lê Thị Thủy Tiên | D79: CDI Rolling Operator B | E79: Auto Rolling | F79: Golf Rolling | G79: 45975 | H79: TRUE | I79: TRUE | J79: TRUE | K79: TRUE | L79: FALSE | M79: FALSE | N79: FALSE | O79: FALSE | P79: FALSE | Q79: FALSE | R79: FALSE | S79: FALSE | T79: TRUE | U79: TRUE | V79: {=IF(SUMPRODUCT((Cert_Matrix!$A$12:$A$21=E79)*(Cert_Matrix!$L$12:$W$21="X")*(H79:S79=TRUE))<SUMPRODUCT((Cert_Matrix!$A$12:$A$21=E79)*(Cert_Matrix!$L$12:$W$21="X")),"Thiếu chứng nhận","Đủ điều kiện")} -> Đủ điều kiện | Y79: =VLOOKUP(B79,'HC Golf'!C:G,5,0) -> S3
A80: =ROWS($B$5:B78) -> 74 | B80: 40635 | C80: Phan Thị Như Ý | D80: Production Helper | E80: Auto Rolling | F80: Golf Rolling | G80: 45975 | H80: TRUE | I80: TRUE | J80: TRUE | K80: TRUE | L80: FALSE | M80: FALSE | N80: FALSE | O80: FALSE | P80: FALSE | Q80: FALSE | R80: FALSE | S80: FALSE | T80: TRUE | U80: TRUE | V80: {=IF(SUMPRODUCT((Cert_Matrix!$A$12:$A$21=E80)*(Cert_Matrix!$L$12:$W$21="X")*(H80:S80=TRUE))<SUMPRODUCT((Cert_Matrix!$A$12:$A$21=E80)*(Cert_Matrix!$L$12:$W$21="X")),"Thiếu chứng nhận","Đủ điều kiện")} -> Đủ điều kiện | Y80: =VLOOKUP(B80,'HC Golf'!C:G,5,0) -> S3
A81: =ROWS($B$5:B79) -> 75 | B81: 40636 | C81: Nguyễn Phương Lan | D81: Production Helper | E81: CDI Rolling | F81: Golf Rolling | G81: 46126 | H81: TRUE | I81: TRUE | J81: FALSE | K81: FALSE | L81: FALSE | M81: FALSE | N81: FALSE | O81: FALSE | P81: FALSE | Q81: FALSE | R81: FALSE | S81: FALSE | T81: TRUE | U81: FALSE | V81: {=IF(SUMPRODUCT((Cert_Matrix!$A$12:$A$21=E81)*(Cert_Matrix!$L$12:$W$21="X")*(H81:S81=TRUE))<SUMPRODUCT((Cert_Matrix!$A$12:$A$21=E81)*(Cert_Matrix!$L$12:$W$21="X")),"Thiếu chứng nhận","Đủ điều kiện")} -> Đủ điều kiện | Y81: =VLOOKUP(B81,'HC Golf'!C:G,5,0) -> S3
A82: =ROWS($B$5:B80) -> 76 | B82: 40700 | C82: Bạch Chí Công | D82: Production Helper | E82: Mandrel | F82: Golf Rolling | G82: 46053 | H82: FALSE | I82: FALSE | J82: FALSE | K82: FALSE | L82: TRUE | M82: FALSE | N82: FALSE | O82: TRUE | P82: TRUE | Q82: TRUE | R82: FALSE | S82: FALSE | T82: TRUE | U82: TRUE | V82: {=IF(SUMPRODUCT((Cert_Matrix!$A$12:$A$21=E82)*(Cert_Matrix!$L$12:$W$21="X")*(H82:S82=TRUE))<SUMPRODUCT((Cert_Matrix!$A$12:$A$21=E82)*(Cert_Matrix!$L$12:$W$21="X")),"Thiếu chứng nhận","Đủ điều kiện")} -> Đủ điều kiện | Y82: =VLOOKUP(B82,'HC Golf'!C:G,5,0) -> S3
A83: =ROWS($B$5:B81) -> 77 | B83: 40701 | C83: Nguyễn Thị Thu Hương | D83: Production Helper | E83: CDI Rolling | F83: Golf Rolling | H83: TRUE | I83: TRUE | J83: FALSE | K83: FALSE | L83: FALSE | M83: FALSE | N83: FALSE | O83: FALSE | P83: FALSE | Q83: FALSE | R83: FALSE | S83: FALSE | T83: TRUE | U83: TRUE | V83: {=IF(SUMPRODUCT((Cert_Matrix!$A$12:$A$21=E83)*(Cert_Matrix!$L$12:$W$21="X")*(H83:S83=TRUE))<SUMPRODUCT((Cert_Matrix!$A$12:$A$21=E83)*(Cert_Matrix!$L$12:$W$21="X")),"Thiếu chứng nhận","Đủ điều kiện")} -> Đủ điều kiện | Y83: =VLOOKUP(B83,'HC Golf'!C:G,5,0) -> S3
A84: =ROWS($B$5:B82) -> 78 | B84: 39961 | C84: Lương Công Thảo | D84: Production Helper | E84: Mandrel | F84: Golf Rolling | G84: 46126 | H84: FALSE | I84: FALSE | J84: FALSE | K84: FALSE | L84: TRUE | M84: FALSE | N84: TRUE | O84: TRUE | P84: TRUE | Q84: TRUE | R84: TRUE | S84: FALSE | T84: TRUE | U84: TRUE | V84: {=IF(SUMPRODUCT((Cert_Matrix!$A$12:$A$21=E84)*(Cert_Matrix!$L$12:$W$21="X")*(H84:S84=TRUE))<SUMPRODUCT((Cert_Matrix!$A$12:$A$21=E84)*(Cert_Matrix!$L$12:$W$21="X")),"Thiếu chứng nhận","Đủ điều kiện")} -> Đủ điều kiện | Y84: =VLOOKUP(B84,'HC Golf'!C:G,5,0) -> S3
A85: =ROWS($B$5:B83) -> 79 | B85: 39968 | C85: Nguyễn Thị Thúy An | D85: Production Helper | E85: Revo Rolling | F85: Golf Rolling | G85: 46053 | H85: TRUE | I85: TRUE | J85: TRUE | K85: TRUE | L85: FALSE | M85: FALSE | N85: FALSE | O85: FALSE | P85: FALSE | Q85: FALSE | R85: FALSE | S85: FALSE | T85: TRUE | U85: TRUE | V85: {=IF(SUMPRODUCT((Cert_Matrix!$A$12:$A$21=E85)*(Cert_Matrix!$L$12:$W$21="X")*(H85:S85=TRUE))<SUMPRODUCT((Cert_Matrix!$A$12:$A$21=E85)*(Cert_Matrix!$L$12:$W$21="X")),"Thiếu chứng nhận","Đủ điều kiện")} -> Đủ điều kiện | Y85: =VLOOKUP(B85,'HC Golf'!C:G,5,0) -> S3
A86: =ROWS($B$5:B84) -> 80 | B86: 40009 | C86: Đặng Thị Thúy Hằng | D86: Production Helper | E86: Revo Rolling | F86: Golf Rolling | G86: 46126 | H86: TRUE | I86: TRUE | J86: TRUE | K86: FALSE | L86: FALSE | M86: FALSE | N86: FALSE | O86: FALSE | P86: FALSE | Q86: FALSE | R86: FALSE | S86: FALSE | T86: TRUE | U86: TRUE | V86: {=IF(SUMPRODUCT((Cert_Matrix!$A$12:$A$21=E86)*(Cert_Matrix!$L$12:$W$21="X")*(H86:S86=TRUE))<SUMPRODUCT((Cert_Matrix!$A$12:$A$21=E86)*(Cert_Matrix!$L$12:$W$21="X")),"Thiếu chứng nhận","Đủ điều kiện")} -> Đủ điều kiện | Y86: =VLOOKUP(B86,'HC Golf'!C:G,5,0) -> S3
A87: =ROWS($B$5:B85) -> 81 | B87: 40027 | C87: Châu Thị Cẩm Tiên | D87: Production Helper | E87: CDI Rolling | F87: Golf Rolling | G87: 46126 | H87: TRUE | I87: TRUE | J87: TRUE | K87: TRUE | L87: FALSE | M87: FALSE | N87: FALSE | O87: FALSE | P87: FALSE | Q87: FALSE | R87: FALSE | S87: TRUE | T87: TRUE | U87: TRUE | V87: {=IF(SUMPRODUCT((Cert_Matrix!$A$12:$A$21=E87)*(Cert_Matrix!$L$12:$W$21="X")*(H87:S87=TRUE))<SUMPRODUCT((Cert_Matrix!$A$12:$A$21=E87)*(Cert_Matrix!$L$12:$W$21="X")),"Thiếu chứng nhận","Đủ điều kiện")} -> Đủ điều kiện | Y87: =VLOOKUP(B87,'HC Golf'!C:G,5,0) -> S3
A88: =ROWS($B$5:B86) -> 82 | B88: 40028 | C88: Nguyễn Thái Bình | D88: Production Helper | E88: CDI Rolling | F88: Golf Rolling | G88: 46126 | H88: TRUE | I88: TRUE | J88: TRUE | K88: TRUE | L88: FALSE | M88: FALSE | N88: FALSE | O88: FALSE | P88: FALSE | Q88: FALSE | R88: FALSE | S88: FALSE | T88: TRUE | U88: TRUE | V88: {=IF(SUMPRODUCT((Cert_Matrix!$A$12:$A$21=E88)*(Cert_Matrix!$L$12:$W$21="X")*(H88:S88=TRUE))<SUMPRODUCT((Cert_Matrix!$A$12:$A$21=E88)*(Cert_Matrix!$L$12:$W$21="X")),"Thiếu chứng nhận","Đủ điều kiện")} -> Đủ điều kiện | Y88: =VLOOKUP(B88,'HC Golf'!C:G,5,0) -> S3
A89: =ROWS($B$5:B87) -> 83 | B89: 5383 | C89: Hồ Minh Hiếu | D89: Double Cello Wrapper Operator | E89: Cello Wapper | F89: Golf Rolling | G89: 45975 | H89: FALSE | I89: FALSE | J89: FALSE | K89: FALSE | L89: TRUE | M89: TRUE | N89: FALSE | O89: FALSE | P89: FALSE | Q89: FALSE | R89: FALSE | S89: FALSE | T89: TRUE | U89: TRUE | V89: {=IF(SUMPRODUCT((Cert_Matrix!$A$12:$A$21=E89)*(Cert_Matrix!$L$12:$W$21="X")*(H89:S89=TRUE))<SUMPRODUCT((Cert_Matrix!$A$12:$A$21=E89)*(Cert_Matrix!$L$12:$W$21="X")),"Thiếu chứng nhận","Đủ điều kiện")} -> Đủ điều kiện | Y89: =VLOOKUP(B89,'HC Golf'!C:G,5,0) -> S3
A90: =ROWS($B$5:B88) -> 84 | B90: 40224 | C90: Nguyễn Văn Kiệt | D90: Production Helper | E90: Cello Wapper | F90: Golf Rolling | G90: 46126 | H90: TRUE | I90: TRUE | J90: FALSE | K90: FALSE | L90: TRUE | M90: TRUE | N90: FALSE | O90: FALSE | P90: FALSE | Q90: FALSE | R90: FALSE | S90: FALSE | T90: TRUE | U90: TRUE | V90: {=IF(SUMPRODUCT((Cert_Matrix!$A$12:$A$21=E90)*(Cert_Matrix!$L$12:$W$21="X")*(H90:S90=TRUE))<SUMPRODUCT((Cert_Matrix!$A$12:$A$21=E90)*(Cert_Matrix!$L$12:$W$21="X")),"Thiếu chứng nhận","Đủ điều kiện")} -> Đủ điều kiện | Y90: =VLOOKUP(B90,'HC Golf'!C:G,5,0) -> S3
A91: =ROWS($B$5:B89) -> 85 | B91: 40238 | C91: Nguyễn Hữu Dương | D91: Production Helper | E91: CDI Rolling | F91: Golf Rolling | G91: 45962 | H91: TRUE | I91: TRUE | J91: FALSE | K91: FALSE | L91: TRUE | M91: FALSE | N91: FALSE | O91: FALSE | P91: FALSE | Q91: FALSE | R91: FALSE | S91: FALSE | T91: TRUE | U91: TRUE | V91: {=IF(SUMPRODUCT((Cert_Matrix!$A$12:$A$21=E91)*(Cert_Matrix!$L$12:$W$21="X")*(H91:S91=TRUE))<SUMPRODUCT((Cert_Matrix!$A$12:$A$21=E91)*(Cert_Matrix!$L$12:$W$21="X")),"Thiếu chứng nhận","Đủ điều kiện")} -> Đủ điều kiện | Y91: =VLOOKUP(B91,'HC Golf'!C:G,5,0) -> S3
A92: =ROWS($B$5:B90) -> 86 | B92: 40249 | C92: Nguyễn Hồng Thắm | D92: Production Helper | E92: Revo Rolling | F92: Golf Rolling | G92: 45975 | H92: FALSE | I92: FALSE | J92: TRUE | K92: FALSE | L92: FALSE | M92: FALSE | N92: FALSE | O92: FALSE | P92: FALSE | Q92: FALSE | R92: FALSE | S92: FALSE | T92: TRUE | U92: TRUE | V92: {=IF(SUMPRODUCT((Cert_Matrix!$A$12:$A$21=E92)*(Cert_Matrix!$L$12:$W$21="X")*(H92:S92=TRUE))<SUMPRODUCT((Cert_Matrix!$A$12:$A$21=E92)*(Cert_Matrix!$L$12:$W$21="X")),"Thiếu chứng nhận","Đủ điều kiện")} -> Đủ điều kiện | Y92: =VLOOKUP(B92,'HC Golf'!C:G,5,0) -> S3
A93: =ROWS($B$5:B91) -> 87 | B93: 40269 | C93: Kiều Nữ Hồng Phấn | D93: Production Helper | E93: Revo Rolling | F93: Golf Rolling | G93: 45975 | H93: TRUE | I93: TRUE | J93: TRUE | K93: FALSE | L93: FALSE | M93: FALSE | N93: FALSE | O93: FALSE | P93: FALSE | Q93: FALSE | R93: FALSE | S93: TRUE | T93: TRUE | U93: TRUE | V93: {=IF(SUMPRODUCT((Cert_Matrix!$A$12:$A$21=E93)*(Cert_Matrix!$L$12:$W$21="X")*(H93:S93=TRUE))<SUMPRODUCT((Cert_Matrix!$A$12:$A$21=E93)*(Cert_Matrix!$L$12:$W$21="X")),"Thiếu chứng nhận","Đủ điều kiện")} -> Đủ điều kiện | Y93: =VLOOKUP(B93,'HC Golf'!C:G,5,0) -> S3
A94: =ROWS($B$5:B92) -> 88 | B94: 40452 | C94: Phạm Hồng Thía | D94: Production Helper | E94: CDI Rolling | F94: Golf Rolling | H94: TRUE | I94: TRUE | J94: TRUE | K94: FALSE | L94: FALSE | M94: FALSE | N94: FALSE | O94: FALSE | P94: FALSE | Q94: FALSE | R94: FALSE | S94: FALSE | T94: TRUE | U94: TRUE | V94: {=IF(SUMPRODUCT((Cert_Matrix!$A$12:$A$21=E94)*(Cert_Matrix!$L$12:$W$21="X")*(H94:S94=TRUE))<SUMPRODUCT((Cert_Matrix!$A$12:$A$21=E94)*(Cert_Matrix!$L$12:$W$21="X")),"Thiếu chứng nhận","Đủ điều kiện")} -> Đủ điều kiện | Y94: =VLOOKUP(B94,'HC Golf'!C:G,5,0) -> S3
A95: =ROWS($B$5:B93) -> 89 | B95: 40541 | C95: Nguyễn Thị Cẩm Tiên | D95: Production Helper | E95: Revo Rolling | F95: Golf Rolling | G95: 46126 | H95: TRUE | I95: TRUE | J95: TRUE | K95: FALSE | L95: FALSE | M95: FALSE | N95: FALSE | O95: FALSE | P95: FALSE | Q95: FALSE | R95: FALSE | S95: TRUE | T95: TRUE | U95: TRUE | V95: {=IF(SUMPRODUCT((Cert_Matrix!$A$12:$A$21=E95)*(Cert_Matrix!$L$12:$W$21="X")*(H95:S95=TRUE))<SUMPRODUCT((Cert_Matrix!$A$12:$A$21=E95)*(Cert_Matrix!$L$12:$W$21="X")),"Thiếu chứng nhận","Đủ điều kiện")} -> Đủ điều kiện | Y95: =VLOOKUP(B95,'HC Golf'!C:G,5,0) -> S3
A96: =ROWS($B$5:B94) -> 90 | B96: 40542 | C96: Hoàng Thị Thanh Thắm | D96: Production Helper | E96: Revo Rolling | F96: Golf Rolling | G96: 45858 | H96: FALSE | I96: FALSE | J96: TRUE | K96: FALSE | L96: FALSE | M96: FALSE | N96: FALSE | O96: FALSE | P96: FALSE | Q96: FALSE | R96: FALSE | S96: FALSE | T96: TRUE | U96: TRUE | V96: {=IF(SUMPRODUCT((Cert_Matrix!$A$12:$A$21=E96)*(Cert_Matrix!$L$12:$W$21="X")*(H96:S96=TRUE))<SUMPRODUCT((Cert_Matrix!$A$12:$A$21=E96)*(Cert_Matrix!$L$12:$W$21="X")),"Thiếu chứng nhận","Đủ điều kiện")} -> Đủ điều kiện | Y96: =VLOOKUP(B96,'HC Golf'!C:G,5,0) -> S3
A97: =ROWS($B$5:B96) -> 92 | B97: 4730 | C97: Nguyễn Thị Ngọc Trâm | D97: CDI Rolling Operator B | E97: Auto Rolling | F97: Golf Rolling | H97: TRUE | I97: TRUE | J97: TRUE | K97: TRUE | L97: FALSE | M97: FALSE | N97: FALSE | O97: FALSE | P97: FALSE | Q97: FALSE | R97: FALSE | S97: FALSE | T97: TRUE | U97: FALSE | V97: {=IF(SUMPRODUCT((Cert_Matrix!$A$12:$A$21=E97)*(Cert_Matrix!$L$12:$W$21="X")*(H97:S97=TRUE))<SUMPRODUCT((Cert_Matrix!$A$12:$A$21=E97)*(Cert_Matrix!$L$12:$W$21="X")),"Thiếu chứng nhận","Đủ điều kiện")} -> Đủ điều kiện | Y97: =VLOOKUP(B97,'HC Golf'!C:G,5,0) -> S1
A98: =ROWS($B$5:B96) -> 92 | B98: 3179 | C98: Nguyễn Thị Thiết | D98: Group Cell | E98: Auto Rolling | F98: Golf Rolling | H98: TRUE | I98: TRUE | J98: TRUE | K98: TRUE | L98: FALSE | M98: FALSE | N98: FALSE | O98: FALSE | P98: FALSE | Q98: FALSE | R98: FALSE | S98: FALSE | T98: TRUE | U98: FALSE | V98: {=IF(SUMPRODUCT((Cert_Matrix!$A$12:$A$21=E98)*(Cert_Matrix!$L$12:$W$21="X")*(H98:S98=TRUE))<SUMPRODUCT((Cert_Matrix!$A$12:$A$21=E98)*(Cert_Matrix!$L$12:$W$21="X")),"Thiếu chứng nhận","Đủ điều kiện")} -> Đủ điều kiện | Y98: =VLOOKUP(B98,'HC Golf'!C:G,5,0) -> S1
A99: =ROWS($B$5:B97) -> 93 | B99: 2633 | C99: Ngụy Thị Mỹ Hương | D99: CDI Rolling Operator B | E99: CDI Rolling | F99: Golf Rolling | H99: TRUE | I99: TRUE | J99: TRUE | K99: FALSE | L99: FALSE | M99: FALSE | N99: FALSE | O99: FALSE | P99: FALSE | Q99: FALSE | R99: FALSE | S99: FALSE | T99: TRUE | U99: FALSE | V99: {=IF(SUMPRODUCT((Cert_Matrix!$A$12:$A$21=E99)*(Cert_Matrix!$L$12:$W$21="X")*(H99:S99=TRUE))<SUMPRODUCT((Cert_Matrix!$A$12:$A$21=E99)*(Cert_Matrix!$L$12:$W$21="X")),"Thiếu chứng nhận","Đủ điều kiện")} -> Đủ điều kiện | Y99: =VLOOKUP(B99,'HC Golf'!C:G,5,0) -> S1
A100: =ROWS($B$5:B98) -> 94 | B100: 4775 | C100: Võ Thị Ngọc Hương | D100: CDI Rolling Operator A | E100: Revo Rolling | F100: Golf Rolling | H100: TRUE | I100: TRUE | J100: TRUE | K100: FALSE | L100: FALSE | M100: FALSE | N100: FALSE | O100: FALSE | P100: FALSE | Q100: FALSE | R100: FALSE | S100: FALSE | T100: TRUE | U100: FALSE | V100: {=IF(SUMPRODUCT((Cert_Matrix!$A$12:$A$21=E100)*(Cert_Matrix!$L$12:$W$21="X")*(H100:S100=TRUE))<SUMPRODUCT((Cert_Matrix!$A$12:$A$21=E100)*(Cert_Matrix!$L$12:$W$21="X")),"Thiếu chứng nhận","Đủ điều kiện")} -> Đủ điều kiện | Y100: =VLOOKUP(B100,'HC Golf'!C:G,5,0) -> S1
...

Sheet G_Finishing
Q1: Số (Form Code): ADL/F/EHS/022-04
A2: DANH SÁCH CHỨNG NHẬN VẬN HÀNH | Q2: Lần hiệu chỉnh (Revision No.): 00
Q3: Lần ban hành (Issuance No.): 01
Q4: Ngày hiệu lực (Effective date): 01/04/2025
A5: STT | B5: MSNV | C5: HỌ TÊN | D5: CHỨC VỤ | E5: VỊ TRÍ CÔNG VIỆC | F5: BỘ PHẬN | G5: NGÀY ĐÁNH GIÁ | H5: HẠNG MỤC ĐƯỢC ĐÀO TẠO
H6: Máy Dual Saw | I6: Máy Đo OD | J6: Máy Soi Đầu TIP | K6: Máy Mài Đánh Bóng | L6: Auto Sanding | M6: Máy Rửa - Sấy Tự Động | N6: Máy Paragon | O6: Máy Khắc Laser | P6: Máy Frequency | Q6: Máy/Bảng Đo Ortho Flex | R6: Sử Dụng Vật Sắc Nhọn | S6: Xử Lý Phân Loại Rác Thải | T6: HIỆN TRẠNG | U6: LÝ DO | V6: NGÀY DỰ KIẾN HOÀN THÀNH
A7: =ROWS($B$5:B5) -> 1 | B7: 2272 | C7: Nguyễn Ngọc Thuận | D7: Leader | F7: Golf Finishing | H7: TRUE | I7: TRUE | J7: FALSE | K7: TRUE | L7: TRUE | M7: TRUE | N7: TRUE | O7: TRUE | P7: TRUE | Q7: TRUE | R7: TRUE | S7: FALSE | T7: {=IF(SUMPRODUCT((Cert_Matrix!$A$22:$A$27=E7)*(Cert_Matrix!$X$22:$AG$27="X")*(H7:Q7=TRUE))<SUMPRODUCT((Cert_Matrix!$A$22:$A$27=E7)*(Cert_Matrix!$X$22:$AG$27="X")),"Thiếu chứng nhận","Đủ điều kiện")} -> Đủ điều kiện | W7: =VLOOKUP(B7,'HC Golf'!C:G,5,0) -> S2
A8: =ROWS($B$5:B6) -> 2 | B8: 5031 | C8: Lê Chí Hải | D8: Process trainer | E8: Sanding | F8: Golf Finishing | H8: TRUE | I8: TRUE | J8: FALSE | K8: TRUE | L8: TRUE | M8: TRUE | N8: TRUE | O8: TRUE | P8: TRUE | Q8: TRUE | R8: TRUE | S8: FALSE | T8: {=IF(SUMPRODUCT((Cert_Matrix!$A$22:$A$27=E8)*(Cert_Matrix!$X$22:$AG$27="X")*(H8:Q8=TRUE))<SUMPRODUCT((Cert_Matrix!$A$22:$A$27=E8)*(Cert_Matrix!$X$22:$AG$27="X")),"Thiếu chứng nhận","Đủ điều kiện")} -> Đủ điều kiện | W8: =VLOOKUP(B8,'HC Golf'!C:G,5,0) -> S2
A9: =ROWS($B$5:B7) -> 3 | B9: 5110 | C9: Thiều Quang Phụng | D9: Sander Operator B | E9: Sanding | F9: Golf Finishing | H9: FALSE | I9: FALSE | J9: FALSE | K9: TRUE | L9: TRUE | M9: TRUE | N9: TRUE | O9: FALSE | P9: TRUE | Q9: TRUE | R9: TRUE | S9: FALSE | T9: {=IF(SUMPRODUCT((Cert_Matrix!$A$22:$A$27=E9)*(Cert_Matrix!$X$22:$AG$27="X")*(H9:Q9=TRUE))<SUMPRODUCT((Cert_Matrix!$A$22:$A$27=E9)*(Cert_Matrix!$X$22:$AG$27="X")),"Thiếu chứng nhận","Đủ điều kiện")} -> Đủ điều kiện | W9: =VLOOKUP(B9,'HC Golf'!C:G,5,0) -> S2
A10: =ROWS($B$5:B8) -> 4 | B10: 5224 | C10: Thạch Khanh Thia | D10: Sander Operator B | E10: Rework | F10: Golf Finishing | H10: FALSE | I10: TRUE | J10: FALSE | K10: TRUE | L10: FALSE | M10: TRUE | N10: TRUE | O10: FALSE | P10: TRUE | Q10: TRUE | R10: TRUE | S10: FALSE | T10: {=IF(SUMPRODUCT((Cert_Matrix!$A$22:$A$27=E10)*(Cert_Matrix!$X$22:$AG$27="X")*(H10:Q10=TRUE))<SUMPRODUCT((Cert_Matrix!$A$22:$A$27=E10)*(Cert_Matrix!$X$22:$AG$27="X")),"Thiếu chứng nhận","Đủ điều kiện")} -> Đủ điều kiện | W10: =VLOOKUP(B10,'HC Golf'!C:G,5,0) -> S2
A11: =ROWS($B$5:B9) -> 5 | B11: 5266 | C11: Nguyễn Minh Lâm | D11: Dual Saw Operator | E11: Frequency | F11: Golf Finishing | H11: TRUE | I11: FALSE | J11: FALSE | K11: FALSE | L11: FALSE | M11: FALSE | N11: FALSE | O11: FALSE | P11: TRUE | Q11: TRUE | R11: TRUE | S11: FALSE | T11: {=IF(SUMPRODUCT((Cert_Matrix!$A$22:$A$27=E11)*(Cert_Matrix!$X$22:$AG$27="X")*(H11:Q11=TRUE))<SUMPRODUCT((Cert_Matrix!$A$22:$A$27=E11)*(Cert_Matrix!$X$22:$AG$27="X")),"Thiếu chứng nhận","Đủ điều kiện")} -> Đủ điều kiện | W11: =VLOOKUP(B11,'HC Golf'!C:G,5,0) -> S2
A12: =ROWS($B$5:B11) -> 7 | B12: 40360 | C12: Huỳnh Văn Công | D12: Production Helper | E12: Tip Grinding | F12: Golf Finishing | G12: 46013 | H12: FALSE | I12: FALSE | J12: FALSE | K12: FALSE | L12: FALSE | M12: FALSE | N12: TRUE | O12: FALSE | P12: FALSE | Q12: FALSE | R12: TRUE | S12: FALSE | T12: {=IF(SUMPRODUCT((Cert_Matrix!$A$22:$A$27=E12)*(Cert_Matrix!$X$22:$AG$27="X")*(H12:Q12=TRUE))<SUMPRODUCT((Cert_Matrix!$A$22:$A$27=E12)*(Cert_Matrix!$X$22:$AG$27="X")),"Thiếu chứng nhận","Đủ điều kiện")} -> Đủ điều kiện | W12: =VLOOKUP(B12,'HC Golf'!C:G,5,0) -> S2
A13: =ROWS($B$5:B11) -> 7 | B13: 40696 | C13: Nguyễn Tuấn Kiệt | D13: Production Helper | E13: Sanding | F13: Golf Finishing | G13: 46013 | H13: FALSE | I13: TRUE | J13: FALSE | K13: TRUE | L13: TRUE | M13: TRUE | N13: TRUE | O13: FALSE | P13: TRUE | Q13: FALSE | R13: TRUE | S13: FALSE | T13: {=IF(SUMPRODUCT((Cert_Matrix!$A$22:$A$27=E13)*(Cert_Matrix!$X$22:$AG$27="X")*(H13:Q13=TRUE))<SUMPRODUCT((Cert_Matrix!$A$22:$A$27=E13)*(Cert_Matrix!$X$22:$AG$27="X")),"Thiếu chứng nhận","Đủ điều kiện")} -> Đủ điều kiện | W13: =VLOOKUP(B13,'HC Golf'!C:G,5,0) -> S2
A14: =ROWS($B$5:B12) -> 8 | B14: 40697 | C14: Phạm Văn Tròng | D14: Production Helper | E14: Rework | F14: Golf Finishing | G14: 46013 | H14: FALSE | I14: FALSE | J14: FALSE | K14: TRUE | L14: FALSE | M14: TRUE | N14: FALSE | O14: FALSE | P14: TRUE | Q14: FALSE | R14: TRUE | S14: FALSE | T14: {=IF(SUMPRODUCT((Cert_Matrix!$A$22:$A$27=E14)*(Cert_Matrix!$X$22:$AG$27="X")*(H14:Q14=TRUE))<SUMPRODUCT((Cert_Matrix!$A$22:$A$27=E14)*(Cert_Matrix!$X$22:$AG$27="X")),"Thiếu chứng nhận","Đủ điều kiện")} -> Đủ điều kiện | W14: =VLOOKUP(B14,'HC Golf'!C:G,5,0) -> S2
A15: =ROWS($B$5:B13) -> 9 | B15: 40121 | C15: Mai Hữu Hưng | D15: Production Helper | E15: Sanding | F15: Golf Finishing | G15: 45945 | H15: FALSE | I15: FALSE | J15: FALSE | K15: TRUE | L15: FALSE | M15: TRUE | N15: FALSE | O15: FALSE | P15: TRUE | Q15: TRUE | R15: TRUE | S15: FALSE | T15: {=IF(SUMPRODUCT((Cert_Matrix!$A$22:$A$27=E15)*(Cert_Matrix!$X$22:$AG$27="X")*(H15:Q15=TRUE))<SUMPRODUCT((Cert_Matrix!$A$22:$A$27=E15)*(Cert_Matrix!$X$22:$AG$27="X")),"Thiếu chứng nhận","Đủ điều kiện")} -> Đủ điều kiện | W15: =VLOOKUP(B15,'HC Golf'!C:G,5,0) -> S2
A16: =ROWS($B$5:B14) -> 10 | B16: 40404 | C16: Phan Thành Phong | D16: Production Helper | E16: Dual Saw | F16: Golf Finishing | G16: 46098 | H16: TRUE | I16: FALSE | J16: FALSE | K16: FALSE | L16: FALSE | M16: FALSE | N16: FALSE | O16: FALSE | P16: TRUE | Q16: TRUE | R16: TRUE | S16: FALSE | T16: {=IF(SUMPRODUCT((Cert_Matrix!$A$22:$A$27=E16)*(Cert_Matrix!$X$22:$AG$27="X")*(H16:Q16=TRUE))<SUMPRODUCT((Cert_Matrix!$A$22:$A$27=E16)*(Cert_Matrix!$X$22:$AG$27="X")),"Thiếu chứng nhận","Đủ điều kiện")} -> Đủ điều kiện | W16: =VLOOKUP(B16,'HC Golf'!C:G,5,0) -> S2
A17: =ROWS($B$5:B16) -> 12 | B17: 40557 | C17: Cao Hữu Lợi | D17: Production Helper | E17: Sanding | F17: Golf Finishing | G17: 46111 | H17: FALSE | I17: TRUE | J17: FALSE | K17: TRUE | L17: FALSE | M17: TRUE | N17: TRUE | O17: FALSE | P17: TRUE | Q17: TRUE | R17: TRUE | S17: FALSE | T17: {=IF(SUMPRODUCT((Cert_Matrix!$A$22:$A$27=E17)*(Cert_Matrix!$X$22:$AG$27="X")*(H17:Q17=TRUE))<SUMPRODUCT((Cert_Matrix!$A$22:$A$27=E17)*(Cert_Matrix!$X$22:$AG$27="X")),"Thiếu chứng nhận","Đủ điều kiện")} -> Đủ điều kiện | W17: =VLOOKUP(B17,'HC Golf'!C:G,5,0) -> S2
A18: =ROWS($B$5:B16) -> 12 | B18: 4424 | C18: Phạm Văn Tùng | D18: Leader | F18: Golf Finishing | H18: TRUE | I18: TRUE | J18: FALSE | K18: TRUE | L18: TRUE | M18: TRUE | N18: TRUE | O18: TRUE | P18: TRUE | Q18: TRUE | R18: TRUE | S18: TRUE | T18: {=IF(SUMPRODUCT((Cert_Matrix!$A$22:$A$27=E18)*(Cert_Matrix!$X$22:$AG$27="X")*(H18:Q18=TRUE))<SUMPRODUCT((Cert_Matrix!$A$22:$A$27=E18)*(Cert_Matrix!$X$22:$AG$27="X")),"Thiếu chứng nhận","Đủ điều kiện")} -> Đủ điều kiện | W18: =VLOOKUP(B18,'HC Golf'!C:G,5,0) -> S3
A19: =ROWS($B$5:B17) -> 13 | B19: 4869 | C19: Nguyễn Lê Khan | D19: Process Trainer | E19: Sanding | F19: Golf Finishing | H19: TRUE | I19: TRUE | J19: FALSE | K19: TRUE | L19: FALSE | M19: TRUE | N19: TRUE | O19: TRUE | P19: TRUE | Q19: TRUE | R19: TRUE | S19: TRUE | T19: {=IF(SUMPRODUCT((Cert_Matrix!$A$22:$A$27=E19)*(Cert_Matrix!$X$22:$AG$27="X")*(H19:Q19=TRUE))<SUMPRODUCT((Cert_Matrix!$A$22:$A$27=E19)*(Cert_Matrix!$X$22:$AG$27="X")),"Thiếu chứng nhận","Đủ điều kiện")} -> Đủ điều kiện | W19: =VLOOKUP(B19,'HC Golf'!C:G,5,0) -> S1
A20: =ROWS($B$5:B18) -> 14 | B20: 5071 | C20: Chamalé Vọng | D20: Sander Operator B | E20: Sanding | F20: Golf Finishing | H20: FALSE | I20: TRUE | J20: FALSE | K20: TRUE | L20: TRUE | M20: TRUE | N20: FALSE | O20: FALSE | P20: TRUE | Q20: TRUE | R20: TRUE | S20: TRUE | T20: {=IF(SUMPRODUCT((Cert_Matrix!$A$22:$A$27=E20)*(Cert_Matrix!$X$22:$AG$27="X")*(H20:Q20=TRUE))<SUMPRODUCT((Cert_Matrix!$A$22:$A$27=E20)*(Cert_Matrix!$X$22:$AG$27="X")),"Thiếu chứng nhận","Đủ điều kiện")} -> Đủ điều kiện | W20: =VLOOKUP(B20,'HC Golf'!C:G,5,0) -> S3
A21: =ROWS($B$5:B19) -> 15 | B21: 1347 | C21: Lê Hữu Tài | D21: Sander Operator A | E21: Sanding | F21: Golf Finishing | H21: TRUE | I21: TRUE | J21: FALSE | K21: TRUE | L21: FALSE | M21: TRUE | N21: TRUE | O21: FALSE | P21: TRUE | Q21: FALSE | R21: TRUE | S21: TRUE | T21: {=IF(SUMPRODUCT((Cert_Matrix!$A$22:$A$27=E21)*(Cert_Matrix!$X$22:$AG$27="X")*(H21:Q21=TRUE))<SUMPRODUCT((Cert_Matrix!$A$22:$A$27=E21)*(Cert_Matrix!$X$22:$AG$27="X")),"Thiếu chứng nhận","Đủ điều kiện")} -> Đủ điều kiện | W21: =VLOOKUP(B21,'HC Golf'!C:G,5,0) -> S3
A22: =ROWS($B$5:B20) -> 16 | B22: 5004 | C22: Thái Thanh Hồ | D22: Tip Grinder Operator B | E22: Rework | F22: Golf Finishing | H22: FALSE | I22: TRUE | J22: FALSE | K22: TRUE | L22: FALSE | M22: TRUE | N22: FALSE | O22: FALSE | P22: TRUE | Q22: TRUE | R22: TRUE | S22: TRUE | T22: {=IF(SUMPRODUCT((Cert_Matrix!$A$22:$A$27=E22)*(Cert_Matrix!$X$22:$AG$27="X")*(H22:Q22=TRUE))<SUMPRODUCT((Cert_Matrix!$A$22:$A$27=E22)*(Cert_Matrix!$X$22:$AG$27="X")),"Thiếu chứng nhận","Đủ điều kiện")} -> Đủ điều kiện | W22: =VLOOKUP(B22,'HC Golf'!C:G,5,0) -> S3
A23: =ROWS($B$5:B21) -> 17 | B23: 3160 | C23: Hà Văn Hạnh | D23: Tip Grinder Operator B | E23: Tip Grinding | F23: Golf Finishing | H23: FALSE | I23: TRUE | J23: FALSE | K23: FALSE | L23: FALSE | M23: FALSE | N23: TRUE | O23: FALSE | P23: FALSE | Q23: FALSE | R23: TRUE | S23: TRUE | T23: {=IF(SUMPRODUCT((Cert_Matrix!$A$22:$A$27=E23)*(Cert_Matrix!$X$22:$AG$27="X")*(H23:Q23=TRUE))<SUMPRODUCT((Cert_Matrix!$A$22:$A$27=E23)*(Cert_Matrix!$X$22:$AG$27="X")),"Thiếu chứng nhận","Đủ điều kiện")} -> Đủ điều kiện | W23: =VLOOKUP(B23,'HC Golf'!C:G,5,0) -> S3
A24: =ROWS($B$5:B22) -> 18 | B24: 5184 | C24: Phan Văn Nhiều | D24: Tip Grinder Operator B | E24: Sanding | F24: Golf Finishing | H24: FALSE | I24: TRUE | J24: FALSE | K24: TRUE | L24: FALSE | M24: TRUE | N24: TRUE | O24: FALSE | P24: TRUE | Q24: TRUE | R24: TRUE | S24: TRUE | T24: {=IF(SUMPRODUCT((Cert_Matrix!$A$22:$A$27=E24)*(Cert_Matrix!$X$22:$AG$27="X")*(H24:Q24=TRUE))<SUMPRODUCT((Cert_Matrix!$A$22:$A$27=E24)*(Cert_Matrix!$X$22:$AG$27="X")),"Thiếu chứng nhận","Đủ điều kiện")} -> Đủ điều kiện | W24: =VLOOKUP(B24,'HC Golf'!C:G,5,0) -> S3
A25: =ROWS($B$5:B23) -> 19 | B25: 4847 | C25: Nguyễn Nu Tuấn | D25: Sander Operator A | E25: Polish | F25: Golf Finishing | H25: FALSE | I25: TRUE | J25: FALSE | K25: TRUE | L25: FALSE | M25: TRUE | N25: TRUE | O25: FALSE | P25: TRUE | Q25: TRUE | R25: TRUE | S25: FALSE | T25: {=IF(SUMPRODUCT((Cert_Matrix!$A$22:$A$27=E25)*(Cert_Matrix!$X$22:$AG$27="X")*(H25:Q25=TRUE))<SUMPRODUCT((Cert_Matrix!$A$22:$A$27=E25)*(Cert_Matrix!$X$22:$AG$27="X")),"Thiếu chứng nhận","Đủ điều kiện")} -> Đủ điều kiện | W25: =VLOOKUP(B25,'HC Golf'!C:G,5,0) -> S3
A26: =ROWS($B$5:B24) -> 20 | B26: 5225 | C26: Phạm Văn Tri | D26: Tip Grinder Operator B | E26: Tip Grinding | F26: Golf Finishing | H26: FALSE | I26: TRUE | J26: FALSE | K26: TRUE | L26: FALSE | M26: TRUE | N26: TRUE | O26: FALSE | P26: TRUE | Q26: TRUE | R26: TRUE | S26: FALSE | T26: {=IF(SUMPRODUCT((Cert_Matrix!$A$22:$A$27=E26)*(Cert_Matrix!$X$22:$AG$27="X")*(H26:Q26=TRUE))<SUMPRODUCT((Cert_Matrix!$A$22:$A$27=E26)*(Cert_Matrix!$X$22:$AG$27="X")),"Thiếu chứng nhận","Đủ điều kiện")} -> Đủ điều kiện | W26: =VLOOKUP(B26,'HC Golf'!C:G,5,0) -> S3
A27: =ROWS($B$5:B25) -> 21 | B27: 5267 | C27: Trương Văn Phong | D27: Dual Saw Operator | E27: Dual Saw | F27: Golf Finishing | H27: TRUE | I27: FALSE | J27: FALSE | K27: FALSE | L27: FALSE | M27: FALSE | N27: FALSE | O27: FALSE | P27: TRUE | Q27: TRUE | R27: FALSE | S27: FALSE | T27: {=IF(SUMPRODUCT((Cert_Matrix!$A$22:$A$27=E27)*(Cert_Matrix!$X$22:$AG$27="X")*(H27:Q27=TRUE))<SUMPRODUCT((Cert_Matrix!$A$22:$A$27=E27)*(Cert_Matrix!$X$22:$AG$27="X")),"Thiếu chứng nhận","Đủ điều kiện")} -> Đủ điều kiện | W27: =VLOOKUP(B27,'HC Golf'!C:G,5,0) -> S3
A28: =ROWS($B$5:B26) -> 22 | B28: 40629 | C28: Nguyễn Lý Minh Dự | D28: Production Helper | E28: Tip Grinding | F28: Golf Finishing | G28: 45937 | H28: TRUE | I28: TRUE | J28: FALSE | K28: TRUE | L28: FALSE | M28: FALSE | N28: TRUE | O28: FALSE | P28: TRUE | Q28: FALSE | R28: TRUE | S28: FALSE | T28: {=IF(SUMPRODUCT((Cert_Matrix!$A$22:$A$27=E28)*(Cert_Matrix!$X$22:$AG$27="X")*(H28:Q28=TRUE))<SUMPRODUCT((Cert_Matrix!$A$22:$A$27=E28)*(Cert_Matrix!$X$22:$AG$27="X")),"Thiếu chứng nhận","Đủ điều kiện")} -> Đủ điều kiện | W28: =VLOOKUP(B28,'HC Golf'!C:G,5,0) -> S3
A29: =ROWS($B$5:B27) -> 23 | B29: 40373 | C29: Nguyễn Thanh Đạo | D29: Production Helper | E29: Frequency | F29: Golf Finishing | G29: 46108 | H29: FALSE | I29: FALSE | J29: FALSE | K29: FALSE | L29: FALSE | M29: FALSE | N29: FALSE | O29: FALSE | P29: TRUE | Q29: TRUE | R29: FALSE | S29: FALSE | T29: {=IF(SUMPRODUCT((Cert_Matrix!$A$22:$A$27=E29)*(Cert_Matrix!$X$22:$AG$27="X")*(H29:Q29=TRUE))<SUMPRODUCT((Cert_Matrix!$A$22:$A$27=E29)*(Cert_Matrix!$X$22:$AG$27="X")),"Thiếu chứng nhận","Đủ điều kiện")} -> Đủ điều kiện | W29: =VLOOKUP(B29,'HC Golf'!C:G,5,0) -> S3
A30: =ROWS($B$5:B28) -> 24 | B30: 40435 | C30: Trần Hưng Đạt | D30: Production Helper | E30: Frequency | F30: Golf Finishing | G30: 46108 | H30: FALSE | I30: FALSE | J30: FALSE | K30: FALSE | L30: FALSE | M30: FALSE | N30: FALSE | O30: FALSE | P30: TRUE | Q30: FALSE | R30: FALSE | S30: FALSE | T30: {=IF(SUMPRODUCT((Cert_Matrix!$A$22:$A$27=E30)*(Cert_Matrix!$X$22:$AG$27="X")*(H30:Q30=TRUE))<SUMPRODUCT((Cert_Matrix!$A$22:$A$27=E30)*(Cert_Matrix!$X$22:$AG$27="X")),"Thiếu chứng nhận","Đủ điều kiện")} -> Đủ điều kiện | W30: =VLOOKUP(B30,'HC Golf'!C:G,5,0) -> S3
A31: =ROWS($B$5:B29) -> 25 | B31: 40321 | C31: Nguyễn Minh Trí | D31: Production Helper | E31: Frequency | F31: Golf Finishing | H31: FALSE | I31: FALSE | J31: FALSE | K31: FALSE | L31: FALSE | M31: FALSE | N31: FALSE | O31: FALSE | P31: TRUE | Q31: TRUE | R31: FALSE | S31: FALSE | T31: {=IF(SUMPRODUCT((Cert_Matrix!$A$22:$A$27=E31)*(Cert_Matrix!$X$22:$AG$27="X")*(H31:Q31=TRUE))<SUMPRODUCT((Cert_Matrix!$A$22:$A$27=E31)*(Cert_Matrix!$X$22:$AG$27="X")),"Thiếu chứng nhận","Đủ điều kiện")} -> Đủ điều kiện | W31: =VLOOKUP(B31,'HC Golf'!C:G,5,0) -> S3
A32: =ROWS($B$5:B30) -> 26 | B32: 4530 | C32: Võ Vũ Phương | D32: Leader | F32: Golf Finishing | H32: TRUE | I32: TRUE | J32: FALSE | K32: TRUE | L32: TRUE | M32: TRUE | N32: TRUE | O32: TRUE | P32: TRUE | Q32: TRUE | R32: TRUE | S32: FALSE | T32: {=IF(SUMPRODUCT((Cert_Matrix!$A$22:$A$27=E32)*(Cert_Matrix!$X$22:$AG$27="X")*(H32:Q32=TRUE))<SUMPRODUCT((Cert_Matrix!$A$22:$A$27=E32)*(Cert_Matrix!$X$22:$AG$27="X")),"Thiếu chứng nhận","Đủ điều kiện")} -> Đủ điều kiện | W32: =VLOOKUP(B32,'HC Golf'!C:G,5,0) -> S1
A33: =ROWS($B$5:B31) -> 27 | B33: 4422 | C33: Nguyễn Trọng Tín | D33: Sander Operator B | E33: Sanding | F33: Golf Finishing | H33: FALSE | I33: TRUE | J33: FALSE | K33: TRUE | L33: TRUE | M33: TRUE | N33: TRUE | O33: FALSE | P33: TRUE | Q33: TRUE | R33: TRUE | S33: FALSE | T33: {=IF(SUMPRODUCT((Cert_Matrix!$A$22:$A$27=E33)*(Cert_Matrix!$X$22:$AG$27="X")*(H33:Q33=TRUE))<SUMPRODUCT((Cert_Matrix!$A$22:$A$27=E33)*(Cert_Matrix!$X$22:$AG$27="X")),"Thiếu chứng nhận","Đủ điều kiện")} -> Đủ điều kiện | W33: =VLOOKUP(B33,'HC Golf'!C:G,5,0) -> S1
A34: =ROWS($B$5:B32) -> 28 | B34: 5213 | C34: Võ Trung Tín | D34: Sander Operator A | E34: Sanding | F34: Golf Finishing | H34: FALSE | I34: TRUE | J34: FALSE | K34: TRUE | L34: TRUE | M34: TRUE | N34: TRUE | O34: FALSE | P34: TRUE | Q34: TRUE | R34: TRUE | S34: FALSE | T34: {=IF(SUMPRODUCT((Cert_Matrix!$A$22:$A$27=E34)*(Cert_Matrix!$X$22:$AG$27="X")*(H34:Q34=TRUE))<SUMPRODUCT((Cert_Matrix!$A$22:$A$27=E34)*(Cert_Matrix!$X$22:$AG$27="X")),"Thiếu chứng nhận","Đủ điều kiện")} -> Đủ điều kiện | W34: =VLOOKUP(B34,'HC Golf'!C:G,5,0) -> S1
A35: =ROWS($B$5:B33) -> 29 | B35: 5330 | C35: Đoàn Cao Sang | D35: Sander Operator B | E35: Sanding | F35: Golf Finishing | H35: FALSE | I35: FALSE | J35: FALSE | K35: TRUE | L35: FALSE | M35: FALSE | N35: FALSE | O35: FALSE | P35: TRUE | Q35: TRUE | R35: FALSE | S35: FALSE | T35: {=IF(SUMPRODUCT((Cert_Matrix!$A$22:$A$27=E35)*(Cert_Matrix!$X$22:$AG$27="X")*(H35:Q35=TRUE))<SUMPRODUCT((Cert_Matrix!$A$22:$A$27=E35)*(Cert_Matrix!$X$22:$AG$27="X")),"Thiếu chứng nhận","Đủ điều kiện")} -> Đủ điều kiện | W35: =VLOOKUP(B35,'HC Golf'!C:G,5,0) -> S1
A36: =ROWS($B$5:B34) -> 30 | B36: 5370 | C36: Nguyễn Thanh Tâm | D36: Sander Operator B | E36: Rework | F36: Golf Finishing | H36: FALSE | I36: TRUE | J36: FALSE | K36: TRUE | L36: FALSE | M36: TRUE | N36: TRUE | O36: FALSE | P36: TRUE | Q36: TRUE | R36: TRUE | S36: FALSE | T36: {=IF(SUMPRODUCT((Cert_Matrix!$A$22:$A$27=E36)*(Cert_Matrix!$X$22:$AG$27="X")*(H36:Q36=TRUE))<SUMPRODUCT((Cert_Matrix!$A$22:$A$27=E36)*(Cert_Matrix!$X$22:$AG$27="X")),"Thiếu chứng nhận","Đủ điều kiện")} -> Đủ điều kiện | W36: =VLOOKUP(B36,'HC Golf'!C:G,5,0) -> S1
A37: =ROWS($B$5:B35) -> 31 | B37: 40074 | C37: Võ Minh Trận | D37: Production Helper | E37: Frequency | F37: Golf Finishing | H37: FALSE | I37: FALSE | J37: FALSE | K37: FALSE | L37: FALSE | M37: FALSE | N37: FALSE | O37: FALSE | P37: TRUE | Q37: FALSE | R37: FALSE | S37: FALSE | T37: {=IF(SUMPRODUCT((Cert_Matrix!$A$22:$A$27=E37)*(Cert_Matrix!$X$22:$AG$27="X")*(H37:Q37=TRUE))<SUMPRODUCT((Cert_Matrix!$A$22:$A$27=E37)*(Cert_Matrix!$X$22:$AG$27="X")),"Thiếu chứng nhận","Đủ điều kiện")} -> Đủ điều kiện | W37: =VLOOKUP(B37,'HC Golf'!C:G,5,0) -> S1
A38: =ROWS($B$5:B36) -> 32 | B38: 40391 | C38: Hà Đăng Khoa | D38: Production Helper | E38: Frequency | F38: Golf Finishing | H38: FALSE | I38: FALSE | J38: FALSE | K38: FALSE | L38: FALSE | M38: FALSE | N38: FALSE | O38: FALSE | P38: TRUE | Q38: FALSE | R38: FALSE | S38: FALSE | T38: {=IF(SUMPRODUCT((Cert_Matrix!$A$22:$A$27=E38)*(Cert_Matrix!$X$22:$AG$27="X")*(H38:Q38=TRUE))<SUMPRODUCT((Cert_Matrix!$A$22:$A$27=E38)*(Cert_Matrix!$X$22:$AG$27="X")),"Thiếu chứng nhận","Đủ điều kiện")} -> Đủ điều kiện | W38: =VLOOKUP(B38,'HC Golf'!C:G,5,0) -> S1
A39: =ROWS($B$5:B37) -> 33 | B39: 39949 | C39: Ức Chiến Khuyến | D39: Production Helper | E39: Frequency | F39: Golf Finishing | G39: 45869 | H39: FALSE | I39: FALSE | J39: FALSE | K39: FALSE | L39: FALSE | M39: FALSE | N39: FALSE | O39: FALSE | P39: TRUE | Q39: FALSE | R39: FALSE | S39: FALSE | T39: {=IF(SUMPRODUCT((Cert_Matrix!$A$22:$A$27=E39)*(Cert_Matrix!$X$22:$AG$27="X")*(H39:Q39=TRUE))<SUMPRODUCT((Cert_Matrix!$A$22:$A$27=E39)*(Cert_Matrix!$X$22:$AG$27="X")),"Thiếu chứng nhận","Đủ điều kiện")} -> Đủ điều kiện | W39: =VLOOKUP(B39,'HC Golf'!C:G,5,0) -> S1
A40: =ROWS($B$5:B38) -> 34 | B40: 40165 | C40: Trầm Đon | D40: Production Helper | E40: Frequency | F40: Golf Finishing | H40: FALSE | I40: FALSE | J40: FALSE | K40: FALSE | L40: FALSE | M40: FALSE | N40: FALSE | O40: FALSE | P40: TRUE | Q40: TRUE | R40: FALSE | S40: FALSE | T40: {=IF(SUMPRODUCT((Cert_Matrix!$A$22:$A$27=E40)*(Cert_Matrix!$X$22:$AG$27="X")*(H40:Q40=TRUE))<SUMPRODUCT((Cert_Matrix!$A$22:$A$27=E40)*(Cert_Matrix!$X$22:$AG$27="X")),"Thiếu chứng nhận","Đủ điều kiện")} -> Đủ điều kiện | W40: =VLOOKUP(B40,'HC Golf'!C:G,5,0) -> S1
A41: =ROWS($B$5:B39) -> 35 | B41: 5384 | C41: Nguyễn Văn Phú | D41: Dual Saw Operator | E41: Dual Saw | F41: Golf Finishing | H41: TRUE | I41: FALSE | J41: FALSE | K41: FALSE | L41: FALSE | M41: FALSE | N41: FALSE | O41: FALSE | P41: TRUE | Q41: FALSE | R41: TRUE | S41: FALSE | T41: {=IF(SUMPRODUCT((Cert_Matrix!$A$22:$A$27=E41)*(Cert_Matrix!$X$22:$AG$27="X")*(H41:Q41=TRUE))<SUMPRODUCT((Cert_Matrix!$A$22:$A$27=E41)*(Cert_Matrix!$X$22:$AG$27="X")),"Thiếu chứng nhận","Đủ điều kiện")} -> Đủ điều kiện | W41: =VLOOKUP(B41,'HC Golf'!C:G,5,0) -> S1
A42: =ROWS($B$5:B40) -> 36 | B42: 40341 | C42: Trần Thanh Vàng | D42: Production Helper | E42: Frequency | F42: Golf Finishing | H42: FALSE | I42: FALSE | J42: FALSE | K42: FALSE | L42: FALSE | M42: FALSE | N42: FALSE | O42: FALSE | P42: TRUE | Q42: FALSE | R42: FALSE | S42: FALSE | T42: {=IF(SUMPRODUCT((Cert_Matrix!$A$22:$A$27=E42)*(Cert_Matrix!$X$22:$AG$27="X")*(H42:Q42=TRUE))<SUMPRODUCT((Cert_Matrix!$A$22:$A$27=E42)*(Cert_Matrix!$X$22:$AG$27="X")),"Thiếu chứng nhận","Đủ điều kiện")} -> Đủ điều kiện | W42: =VLOOKUP(B42,'HC Golf'!C:G,5,0) -> S1
A43: =ROWS($B$5:B41) -> 37 | B43: 40428 | C43: Nguyễn Văn Trí | D43: Production Helper | E43: Tip Grinding | F43: Golf Finishing | H43: FALSE | I43: TRUE | J43: FALSE | K43: TRUE | L43: FALSE | M43: TRUE | N43: TRUE | O43: FALSE | P43: TRUE | Q43: FALSE | R43: TRUE | S43: FALSE | T43: {=IF(SUMPRODUCT((Cert_Matrix!$A$22:$A$27=E43)*(Cert_Matrix!$X$22:$AG$27="X")*(H43:Q43=TRUE))<SUMPRODUCT((Cert_Matrix!$A$22:$A$27=E43)*(Cert_Matrix!$X$22:$AG$27="X")),"Thiếu chứng nhận","Đủ điều kiện")} -> Đủ điều kiện | W43: =VLOOKUP(B43,'HC Golf'!C:G,5,0) -> S1
A44: =ROWS($B$5:B42) -> 38 | B44: 40614 | C44: Nguyễn Chí Đức | D44: Production Helper | E44: Frequency | F44: Golf Finishing | G44: 46146 | H44: FALSE | I44: FALSE | J44: FALSE | K44: TRUE | L44: FALSE | M44: TRUE | N44: FALSE | O44: FALSE | P44: TRUE | Q44: FALSE | R44: TRUE | S44: FALSE | T44: {=IF(SUMPRODUCT((Cert_Matrix!$A$22:$A$27=E44)*(Cert_Matrix!$X$22:$AG$27="X")*(H44:Q44=TRUE))<SUMPRODUCT((Cert_Matrix!$A$22:$A$27=E44)*(Cert_Matrix!$X$22:$AG$27="X")),"Thiếu chứng nhận","Đủ điều kiện")} -> Đủ điều kiện | W44: =VLOOKUP(B44,'HC Golf'!C:G,5,0) -> S1
A45: =ROWS($B$5:B43) -> 39 | B45: 4875 | C45: Lê Hoàng Hợi | D45: Sander Operator B | E45: Rework | F45: Golf Dipping RW | H45: FALSE | I45: TRUE | J45: FALSE | K45: TRUE | L45: TRUE | M45: TRUE | N45: TRUE | O45: FALSE | P45: TRUE | Q45: TRUE | R45: TRUE | S45: TRUE | T45: {=IF(SUMPRODUCT((Cert_Matrix!$A$22:$A$27=E45)*(Cert_Matrix!$X$22:$AG$27="X")*(H45:Q45=TRUE))<SUMPRODUCT((Cert_Matrix!$A$22:$A$27=E45)*(Cert_Matrix!$X$22:$AG$27="X")),"Thiếu chứng nhận","Đủ điều kiện")} -> Đủ điều kiện | W45: =VLOOKUP(B45,'HC Golf'!C:G,5,0) -> S2
A46: =ROWS($B$5:B44) -> 40 | B46: 5124 | C46: Kpă Y Đông | D46: Sander Operator B | E46: Sanding | F46: Golf Dipping RW | H46: FALSE | I46: TRUE | J46: FALSE | K46: TRUE | L46: FALSE | M46: FALSE | N46: FALSE | O46: FALSE | P46: TRUE | Q46: TRUE | R46: TRUE | S46: FALSE | T46: {=IF(SUMPRODUCT((Cert_Matrix!$A$22:$A$27=E46)*(Cert_Matrix!$X$22:$AG$27="X")*(H46:Q46=TRUE))<SUMPRODUCT((Cert_Matrix!$A$22:$A$27=E46)*(Cert_Matrix!$X$22:$AG$27="X")),"Thiếu chứng nhận","Đủ điều kiện")} -> Đủ điều kiện | W46: =VLOOKUP(B46,'HC Golf'!C:G,5,0) -> S1
A47: =ROWS($B$5:B45) -> 41 | B47: 40394 | C47: Phan Tấn Tài | D47: Production Helper | E47: Tip Grinding | F47: Golf Dipping RW | H47: FALSE | I47: TRUE | J47: FALSE | K47: FALSE | L47: FALSE | M47: FALSE | N47: TRUE | O47: FALSE | P47: TRUE | Q47: TRUE | R47: FALSE | S47: FALSE | T47: {=IF(SUMPRODUCT((Cert_Matrix!$A$22:$A$27=E47)*(Cert_Matrix!$X$22:$AG$27="X")*(H47:Q47=TRUE))<SUMPRODUCT((Cert_Matrix!$A$22:$A$27=E47)*(Cert_Matrix!$X$22:$AG$27="X")),"Thiếu chứng nhận","Đủ điều kiện")} -> Đủ điều kiện | W47: =VLOOKUP(B47,'HC Golf'!C:G,5,0) -> S2
A48: =ROWS($B$5:B46) -> 42 | B48: 40644 | C48: Quảng Đại Tuyên | D48: Production Helper | E48: Polish | F48: Golf Dipping RW | H48: FALSE | I48: FALSE | J48: FALSE | K48: FALSE | L48: FALSE | M48: TRUE | N48: FALSE | O48: FALSE | P48: TRUE | Q48: FALSE | R48: TRUE | S48: FALSE | T48: {=IF(SUMPRODUCT((Cert_Matrix!$A$22:$A$27=E48)*(Cert_Matrix!$X$22:$AG$27="X")*(H48:Q48=TRUE))<SUMPRODUCT((Cert_Matrix!$A$22:$A$27=E48)*(Cert_Matrix!$X$22:$AG$27="X")),"Thiếu chứng nhận","Đủ điều kiện")} -> Đủ điều kiện | W48: =VLOOKUP(B48,'HC Golf'!C:G,5,0) -> S3
A49: =ROWS($B$5:B47) -> 43 | B49: 40651 | C49: Lê Công Bình | D49: Production Helper | E49: Frequency | G49: 46178 | H49: FALSE | I49: FALSE | J49: FALSE | K49: TRUE | L49: FALSE | M49: TRUE | N49: FALSE | O49: FALSE | P49: TRUE | Q49: TRUE | R49: TRUE | S49: FALSE | T49: {=IF(SUMPRODUCT((Cert_Matrix!$A$22:$A$27=E49)*(Cert_Matrix!$X$22:$AG$27="X")*(H49:Q49=TRUE))<SUMPRODUCT((Cert_Matrix!$A$22:$A$27=E49)*(Cert_Matrix!$X$22:$AG$27="X")),"Thiếu chứng nhận","Đủ điều kiện")} -> Đủ điều kiện | W49: =VLOOKUP(B49,'HC Golf'!C:G,5,0) -> S2
A50: =ROWS($B$5:B48) -> 44 | B50: 40652 | C50: Cao Hữu Tài | D50: Production Helper | E50: Polish | G50: 46170 | H50: FALSE | I50: FALSE | J50: FALSE | K50: TRUE | L50: FALSE | M50: TRUE | N50: FALSE | O50: FALSE | P50: FALSE | Q50: FALSE | R50: TRUE | S50: FALSE | T50: {=IF(SUMPRODUCT((Cert_Matrix!$A$22:$A$27=E50)*(Cert_Matrix!$X$22:$AG$27="X")*(H50:Q50=TRUE))<SUMPRODUCT((Cert_Matrix!$A$22:$A$27=E50)*(Cert_Matrix!$X$22:$AG$27="X")),"Thiếu chứng nhận","Đủ điều kiện")} -> Đủ điều kiện | W50: =VLOOKUP(B50,'HC Golf'!C:G,5,0) -> S3
A51: =ROWS($B$5:B49) -> 45 | B51: 40660 | C51: Lưu Văn Nam | D51: Production Helper | E51: Rework | G51: 46170 | H51: FALSE | I51: FALSE | J51: FALSE | K51: TRUE | L51: FALSE | M51: FALSE | N51: FALSE | O51: FALSE | P51: TRUE | Q51: FALSE | R51: TRUE | S51: FALSE | T51: {=IF(SUMPRODUCT((Cert_Matrix!$A$22:$A$27=E51)*(Cert_Matrix!$X$22:$AG$27="X")*(H51:Q51=TRUE))<SUMPRODUCT((Cert_Matrix!$A$22:$A$27=E51)*(Cert_Matrix!$X$22:$AG$27="X")),"Thiếu chứng nhận","Đủ điều kiện")} -> Đủ điều kiện | W51: =VLOOKUP(B51,'HC Golf'!C:G,5,0) -> S3
A52: =ROWS($B$5:B50) -> 46 | B52: 40362 | C52: Trần Văn Thừa | D52: Production Helper | E52: Tip Grinding | F52: Golf Dipping RW | H52: FALSE | I52: TRUE | J52: FALSE | K52: TRUE | L52: FALSE | M52: TRUE | N52: TRUE | O52: FALSE | P52: TRUE | Q52: TRUE | R52: TRUE | S52: FALSE | T52: {=IF(SUMPRODUCT((Cert_Matrix!$A$22:$A$27=E52)*(Cert_Matrix!$X$22:$AG$27="X")*(H52:Q52=TRUE))<SUMPRODUCT((Cert_Matrix!$A$22:$A$27=E52)*(Cert_Matrix!$X$22:$AG$27="X")),"Thiếu chứng nhận","Đủ điều kiện")} -> Đủ điều kiện | W52: =VLOOKUP(B52,'HC Golf'!C:G,5,0) -> S1
A53: =ROWS($B$5:B51) -> 47 | B53: 40711 | C53: Lê Huỳnh Tiến | D53: Production Helper | E53: Frequency | F53: Golf Finishing | G53: 46178 | H53: FALSE | I53: FALSE | J53: FALSE | K53: FALSE | L53: FALSE | M53: FALSE | N53: FALSE | O53: FALSE | P53: TRUE | Q53: FALSE | R53: TRUE | S53: FALSE | T53: {=IF(SUMPRODUCT((Cert_Matrix!$A$22:$A$27=E53)*(Cert_Matrix!$X$22:$AG$27="X")*(H53:Q53=TRUE))<SUMPRODUCT((Cert_Matrix!$A$22:$A$27=E53)*(Cert_Matrix!$X$22:$AG$27="X")),"Thiếu chứng nhận","Đủ điều kiện")} -> Đủ điều kiện | W53: =VLOOKUP(B53,'HC Golf'!C:G,5,0) -> S2

Sheet G_Buffing
O1: Số (Form Code): ADL/F/EHS/022-04
A2: DANH SÁCH CHỨNG NHẬN VẬN HÀNH | O2: Lần hiệu chỉnh (Revision No.): 00
O3: Lần ban hành (Issuance No.): 01
O4: Ngày hiệu lực (Effective date): 01/04/2025
A5: STT | B5: MSNV | C5: HỌ TÊN | D5: CHỨC VỤ | E5: VỊ TRÍ CÔNG VIỆC | F5: BỘ PHẬN | G5: NGÀY ĐÁNH GIÁ | H5: HẠNG MỤC ĐƯỢC ĐÀO TẠO
H6: Máy Rửa - Sấy Tự Động | I6: Máy Bom Áp Lực | J6: Máy Mài Đánh Bóng | K6: Máy Tip - Blast | L6: Máy Đánh Bóng | M6: Máy Scrap Shaft | N6: Máy Bắn Cát | O6: Máy Đo OD | P6: Cân Weight | Q6: Máy Straightness | R6: Sử Dụng Vật Sắc Nhọn | S6: Xử Lý Phân Loại Rác Thải | T6: HIỆN TRẠNG | U6: LÝ DO | V6: NGÀY DỰ KIẾN HOÀN THÀNH
A7: =ROWS($B$5:B5) -> 1 | B7: 4839 | C7: Trần Văn Hận | D7: Buffing Operator B | E7: Buffing Operator | F7: Golf Buffing | H7: TRUE | I7: FALSE | J7: TRUE | K7: FALSE | L7: TRUE | M7: FALSE | N7: FALSE | O7: FALSE | P7: FALSE | Q7: FALSE | R7: FALSE | S7: FALSE | T7: {=IF(SUMPRODUCT((Cert_Matrix!$A$28:$A$33=E7)*(Cert_Matrix!$AH$28:$AQ$33="X")*(H7:Q7=TRUE))<SUMPRODUCT((Cert_Matrix!$A$28:$A$33=E7)*(Cert_Matrix!$AH$28:$AQ$33="X")),"Thiếu chứng nhận","Đủ điều kiện")} -> Đủ điều kiện | W7: =VLOOKUP(B7,'HC Golf'!C:G,5,0) -> S2
A8: =ROWS($B$5:B6) -> 2 | B8: 5112 | C8: Nguyễn Thành Đô | D8: Buffing Operator B | E8: Buffing Operator | F8: Golf Buffing | G8: 46116 | H8: TRUE | I8: FALSE | J8: TRUE | K8: FALSE | L8: TRUE | M8: FALSE | N8: FALSE | O8: FALSE | P8: FALSE | Q8: FALSE | R8: TRUE | S8: FALSE | T8: {=IF(SUMPRODUCT((Cert_Matrix!$A$28:$A$33=E8)*(Cert_Matrix!$AH$28:$AQ$33="X")*(H8:Q8=TRUE))<SUMPRODUCT((Cert_Matrix!$A$28:$A$33=E8)*(Cert_Matrix!$AH$28:$AQ$33="X")),"Thiếu chứng nhận","Đủ điều kiện")} -> Đủ điều kiện | W8: =VLOOKUP(B8,'HC Golf'!C:G,5,0) -> S2
A9: =ROWS($B$5:B7) -> 3 | B9: 5146 | C9: Phan Trung Hiếu | D9: Tip Blast Operator B | E9: Tip Blast Operator | F9: Golf Buffing | H9: FALSE | I9: FALSE | J9: FALSE | K9: TRUE | L9: TRUE | M9: FALSE | N9: FALSE | O9: TRUE | P9: TRUE | Q9: FALSE | R9: TRUE | S9: FALSE | T9: {=IF(SUMPRODUCT((Cert_Matrix!$A$28:$A$33=E9)*(Cert_Matrix!$AH$28:$AQ$33="X")*(H9:Q9=TRUE))<SUMPRODUCT((Cert_Matrix!$A$28:$A$33=E9)*(Cert_Matrix!$AH$28:$AQ$33="X")),"Thiếu chứng nhận","Đủ điều kiện")} -> Đủ điều kiện | W9: =VLOOKUP(B9,'HC Golf'!C:G,5,0) -> S2
A10: =ROWS($B$5:B8) -> 4 | B10: 5191 | C10: Nguyễn Thành Danh | D10: Tip Blast Operator B | E10: Tip Blast Operator | F10: Golf Buffing | H10: FALSE | I10: FALSE | J10: FALSE | K10: FALSE | L10: FALSE | M10: FALSE | N10: FALSE | O10: FALSE | P10: FALSE | Q10: FALSE | R10: FALSE | S10: FALSE | T10: {=IF(SUMPRODUCT((Cert_Matrix!$A$28:$A$33=E10)*(Cert_Matrix!$AH$28:$AQ$33="X")*(H10:Q10=TRUE))<SUMPRODUCT((Cert_Matrix!$A$28:$A$33=E10)*(Cert_Matrix!$AH$28:$AQ$33="X")),"Thiếu chứng nhận","Đủ điều kiện")} -> Đủ điều kiện | W10: =VLOOKUP(B10,'HC Golf'!C:G,5,0) -> S1
A11: =ROWS($B$5:B9) -> 5 | B11: 5294 | C11: Đinh Nhật Huy | D11: Buffing Operator B | E11: Buffing Operator | F11: Golf Buffing | H11: FALSE | I11: FALSE | J11: TRUE | K11: TRUE | L11: TRUE | M11: FALSE | N11: FALSE | O11: TRUE | P11: FALSE | Q11: FALSE | R11: TRUE | S11: FALSE | T11: {=IF(SUMPRODUCT((Cert_Matrix!$A$28:$A$33=E11)*(Cert_Matrix!$AH$28:$AQ$33="X")*(H11:Q11=TRUE))<SUMPRODUCT((Cert_Matrix!$A$28:$A$33=E11)*(Cert_Matrix!$AH$28:$AQ$33="X")),"Thiếu chứng nhận","Đủ điều kiện")} -> Đủ điều kiện | W11: =VLOOKUP(B11,'HC Golf'!C:G,5,0) -> S2
A12: =ROWS($B$5:B10) -> 6 | B12: 5331 | C12: Đinh Hải Đăng | D12: Buffing Operator B | E12: Buffing Operator | F12: Golf Buffing | G12: 45995 | H12: FALSE | I12: FALSE | J12: TRUE | K12: FALSE | L12: FALSE | M12: FALSE | N12: FALSE | O12: FALSE | P12: FALSE | Q12: FALSE | R12: TRUE | S12: FALSE | T12: {=IF(SUMPRODUCT((Cert_Matrix!$A$28:$A$33=E12)*(Cert_Matrix!$AH$28:$AQ$33="X")*(H12:Q12=TRUE))<SUMPRODUCT((Cert_Matrix!$A$28:$A$33=E12)*(Cert_Matrix!$AH$28:$AQ$33="X")),"Thiếu chứng nhận","Đủ điều kiện")} -> Đủ điều kiện | W12: =VLOOKUP(B12,'HC Golf'!C:G,5,0) -> S2
A13: =ROWS($B$5:B11) -> 7 | B13: 40393 | C13: Lê Hoàng Thành | D13: Production Helper | E13: Shaft Wiper | F13: Golf Buffing | H13: FALSE | I13: FALSE | J13: TRUE | K13: FALSE | L13: FALSE | M13: FALSE | N13: FALSE | O13: FALSE | P13: FALSE | Q13: FALSE | R13: TRUE | S13: FALSE | T13: {=IF(SUMPRODUCT((Cert_Matrix!$A$28:$A$33=E13)*(Cert_Matrix!$AH$28:$AQ$33="X")*(H13:Q13=TRUE))<SUMPRODUCT((Cert_Matrix!$A$28:$A$33=E13)*(Cert_Matrix!$AH$28:$AQ$33="X")),"Thiếu chứng nhận","Đủ điều kiện")} -> Đủ điều kiện | W13: =VLOOKUP(B13,'HC Golf'!C:G,5,0) -> S2
A14: =ROWS($B$5:B12) -> 8 | B14: 40643 | C14: Nguyễn Duy Linh | D14: Production Helper | E14: Shaft Wiper | F14: Golf Buffing | G14: 45955 | H14: FALSE | I14: FALSE | J14: FALSE | K14: FALSE | L14: FALSE | M14: TRUE | N14: FALSE | O14: FALSE | P14: FALSE | Q14: FALSE | R14: FALSE | S14: FALSE | T14: {=IF(SUMPRODUCT((Cert_Matrix!$A$28:$A$33=E14)*(Cert_Matrix!$AH$28:$AQ$33="X")*(H14:Q14=TRUE))<SUMPRODUCT((Cert_Matrix!$A$28:$A$33=E14)*(Cert_Matrix!$AH$28:$AQ$33="X")),"Thiếu chứng nhận","Đủ điều kiện")} -> Đủ điều kiện | W14: =VLOOKUP(B14,'HC Golf'!C:G,5,0) -> S2
A15: =ROWS($B$5:B13) -> 9 | B15: 39997 | C15: Nguyễn Hoàng Nam | D15: Production Helper | E15: Buffing Operator | F15: Golf Buffing | G15: 45955 | H15: FALSE | I15: FALSE | J15: TRUE | K15: FALSE | L15: FALSE | M15: TRUE | N15: FALSE | O15: FALSE | P15: FALSE | Q15: FALSE | R15: TRUE | S15: FALSE | T15: {=IF(SUMPRODUCT((Cert_Matrix!$A$28:$A$33=E15)*(Cert_Matrix!$AH$28:$AQ$33="X")*(H15:Q15=TRUE))<SUMPRODUCT((Cert_Matrix!$A$28:$A$33=E15)*(Cert_Matrix!$AH$28:$AQ$33="X")),"Thiếu chứng nhận","Đủ điều kiện")} -> Đủ điều kiện | W15: =VLOOKUP(B15,'HC Golf'!C:G,5,0) -> S2
A16: =ROWS($B$5:B14) -> 10 | B16: 40103 | C16: Lê Văn Sỏi | D16: Production Helper | E16: Cosmetic Repair | F16: Golf Buffing | G16: 45950 | H16: FALSE | I16: FALSE | J16: FALSE | K16: TRUE | L16: TRUE | M16: TRUE | N16: FALSE | O16: TRUE | P16: FALSE | Q16: FALSE | R16: FALSE | S16: FALSE | T16: {=IF(SUMPRODUCT((Cert_Matrix!$A$28:$A$33=E16)*(Cert_Matrix!$AH$28:$AQ$33="X")*(H16:Q16=TRUE))<SUMPRODUCT((Cert_Matrix!$A$28:$A$33=E16)*(Cert_Matrix!$AH$28:$AQ$33="X")),"Thiếu chứng nhận","Đủ điều kiện")} -> Đủ điều kiện | W16: =VLOOKUP(B16,'HC Golf'!C:G,5,0) -> S2
A17: =ROWS($B$5:B15) -> 11 | B17: 40406 | C17: Phan Văn Vũ Hà | D17: Production Helper | E17: Cosmetic Repair | F17: Golf Buffing | G17: 46112 | H17: FALSE | I17: FALSE | J17: FALSE | K17: TRUE | L17: TRUE | M17: FALSE | N17: FALSE | O17: TRUE | P17: FALSE | Q17: FALSE | R17: FALSE | S17: FALSE | T17: {=IF(SUMPRODUCT((Cert_Matrix!$A$28:$A$33=E17)*(Cert_Matrix!$AH$28:$AQ$33="X")*(H17:Q17=TRUE))<SUMPRODUCT((Cert_Matrix!$A$28:$A$33=E17)*(Cert_Matrix!$AH$28:$AQ$33="X")),"Thiếu chứng nhận","Đủ điều kiện")} -> Đủ điều kiện | W17: =VLOOKUP(B17,'HC Golf'!C:G,5,0) -> S2
A18: =ROWS($B$5:B16) -> 12 | B18: 40561 | C18: Nguyễn Văn Tặng Em | D18: Production Helper | E18: Shaft Wiper | F18: Golf Buffing | H18: FALSE | I18: FALSE | J18: FALSE | K18: FALSE | L18: FALSE | M18: FALSE | N18: FALSE | O18: FALSE | P18: FALSE | Q18: FALSE | R18: FALSE | S18: FALSE | T18: {=IF(SUMPRODUCT((Cert_Matrix!$A$28:$A$33=E18)*(Cert_Matrix!$AH$28:$AQ$33="X")*(H18:Q18=TRUE))<SUMPRODUCT((Cert_Matrix!$A$28:$A$33=E18)*(Cert_Matrix!$AH$28:$AQ$33="X")),"Thiếu chứng nhận","Đủ điều kiện")} -> Đủ điều kiện | W18: =VLOOKUP(B18,'HC Golf'!C:G,5,0) -> S2
